id,ime,priimek,ulica,hisna_stevilka,email,telefon,posta_id,uporabnisko_ime,geslo
1,Mikaela,Ferebee,Shelley,2544,mferebee0@washington.edu,576-510-6269,758, mikaela123, zebra
2,Annora,Beining,Stuart,92402,abeining1@de.vu,992-229-9140,995, annora123, slon
3,Andrea,Stienham,Lukken,10,astienham2@elegantthemes.com,586-918-1185,534, andrea123, slon2
4,Blinni,Trowsdale,Jackson,21,btrowsdale3@mlb.com,383-656-7352,346, banana, hahah
5,Dixie,Faltin,Springs,388,dfaltin4@shareasale.com,816-778-8257,20,,
6,Andromache,Ledes,Valley Edge,352,aledes5@newyorker.com,202-152-4510,414,,
7,Jyoti,Kennifeck,Maple,47720,jkennifeck6@istockphoto.com,752-317-6184,543,,
8,Joanne,Finnan,Brickson Park,36801,jfinnan7@weather.com,876-545-9490,267,,
9,Aldridge,Blackeby,Morning,51,ablackeby8@blog.com,141-276-7995,968,,
10,Gwen,Kulas,Summer Ridge,80,gkulas9@senate.gov,557-476-6761,153,,
11,Ula,Fincham,Judy,2,ufinchama@si.edu,964-154-3963,100,,
12,Jamima,Streatley,Maryland,32526,jstreatleyb@ftc.gov,141-653-5986,240,,
13,Dix,Vaggers,Hallows,3650,dvaggersc@google.pl,691-121-5931,809,,
14,Asher,Stolworthy,Mariners Cove,295,astolworthyd@constantcontact.com,643-153-3979,818,,
15,Darby,Parnham,Orin,9,dparnhame@buzzfeed.com,401-256-4806,946,,
16,Peirce,Boodle,Buhler,5948,pboodlef@mozilla.org,420-500-3114,611,,
17,Neille,Heinemann,Fulton,9742,nheinemanng@e-recht24.de,986-293-4876,971,,
18,Brittani,Juszczyk,Village Green,7343,bjuszczykh@flavors.me,151-306-7176,369,,
19,Jeff,Huikerby,Duke,6,jhuikerbyi@ning.com,727-558-5839,167,,
20,Marco,Liverseege,North,3,mliverseegej@hostgator.com,709-701-1162,387,,
21,Ingelbert,Hairsine,Pond,92691,ihairsinek@walmart.com,298-472-4750,347,,
22,Holly,Bransden,Farmco,6628,hbransdenl@hatena.ne.jp,649-179-2174,899,,
23,Tammy,Ruttgers,Roth,73,truttgersm@last.fm,351-850-6640,983,,
24,Aloisia,MacKean,Carey,788,amackeann@google.pl,808-185-1474,585,,
25,Josiah,Allner,Muir,105,jallnero@taobao.com,640-518-5506,904,,
26,Salomon,Parzis,Lukken,300,sparzisp@flickr.com,170-286-9646,988,,
27,Trista,Lonsdale,Kings,2318,tlonsdaleq@biblegateway.com,609-828-3155,339,,
28,Devland,Fridaye,Hoffman,722,dfridayer@flavors.me,142-670-5629,698,,
29,Patten,Frusher,Sunbrook,9709,pfrushers@dailymail.co.uk,905-628-9899,148,,
30,Hulda,Patington,Knutson,78999,hpatingtont@symantec.com,590-206-0820,455,,
31,Carry,Endrighi,Spenser,19,cendrighiu@ning.com,338-989-5541,54,,
32,Alexandrina,Menpes,Roxbury,74,amenpesv@rediff.com,619-910-6566,66,,
33,Neville,Hafford,Crownhardt,9,nhaffordw@answers.com,446-873-0311,621,,
34,Courtnay,Goodridge,Kennedy,85,cgoodridgex@cisco.com,432-423-7285,58,,
35,Alwyn,Franscioni,1st,10826,afranscioniy@jiathis.com,883-733-5029,222,,
36,Helene,Hourstan,7th,22,hhourstanz@amazonaws.com,106-236-2486,925,,
37,Keely,Horburgh,Maple,82,khorburgh10@japanpost.jp,302-283-0725,52,,
38,Paloma,Nobes,Forest Run,6,pnobes11@hibu.com,574-290-4495,13,,
39,Hunter,De Hailes,Grayhawk,95,hdehailes12@toplist.cz,145-539-6216,215,,
40,Niki,Gossan,Drewry,1,ngossan13@multiply.com,847-752-8754,856,,
41,Agace,Cluer,Swallow,466,acluer14@cargocollective.com,727-118-2303,412,,
42,Adora,Bizzey,Hanover,07324,abizzey15@usda.gov,195-670-2583,873,,
43,Ardelis,Aveyard,Evergreen,80,aaveyard16@tripadvisor.com,460-556-0494,981,,
44,Laetitia,Atwell,Eagle Crest,73,latwell17@hc360.com,963-885-6403,763,,
45,Lelia,Franzotto,Birchwood,2081,lfranzotto18@accuweather.com,624-399-6748,3,,
46,Mireielle,Hotson,Portage,2,mhotson19@sohu.com,808-537-3868,827,,
47,Trescha,Gaylor,Hanover,544,tgaylor1a@craigslist.org,318-560-0171,793,,
48,Germain,Haggart,Erie,3,ghaggart1b@hubpages.com,405-824-5412,232,,
49,Maure,Nani,Everett,9,mnani1c@nba.com,209-952-3006,526,,
50,Phylis,Camin,Pine View,5494,pcamin1d@ocn.ne.jp,755-689-3208,59,,
51,Ariella,Downey,Truax,7,adowney1e@omniture.com,643-508-3178,516,,
52,Alexina,Prinnett,Magdeline,366,aprinnett1f@infoseek.co.jp,668-406-4538,101,,
53,Bruis,Barrett,Green Ridge,61004,bbarrett1g@thetimes.co.uk,351-566-5184,842,,
54,Arlie,Stonhard,Valley Edge,415,astonhard1h@tiny.cc,145-692-6003,242,,
55,Hertha,Meadows,Lukken,476,hmeadows1i@scribd.com,657-419-4902,751,,
56,Nannette,McNae,Moland,11,nmcnae1j@dyndns.org,805-849-9412,748,,
57,Lucie,Livezey,Elgar,111,llivezey1k@histats.com,909-525-5970,810,,
58,Aharon,Ransfield,Westport,644,aransfield1l@liveinternet.ru,693-830-0994,212,,
59,Auberon,Le Brun,Gina,59075,alebrun1m@moonfruit.com,788-452-4202,996,,
60,Libbie,Aspenlon,Kinsman,763,laspenlon1n@shop-pro.jp,852-572-3742,483,,
61,Ash,Thickens,Hooker,5,athickens1o@engadget.com,566-506-9626,424,,
62,Micheline,Satchel,Arrowood,18,msatchel1p@nbcnews.com,137-315-0792,159,,
63,Mona,Barbery,Emmet,6,mbarbery1q@chron.com,587-590-8194,317,,
64,Dennie,Calladine,Meadow Valley,584,dcalladine1r@lycos.com,504-184-9750,884,,
65,Meredithe,Pynn,Pleasure,44832,mpynn1s@smugmug.com,772-943-2091,895,,
66,Maye,Kydd,Northview,34105,mkydd1t@wordpress.com,618-156-5840,638,,
67,Brandon,Oby,Graceland,80111,boby1u@php.net,116-868-5776,400
68,Sam,Mallock,Almo,95089,smallock1v@whitehouse.gov,890-283-5863,452
69,Dyan,Treadgear,Jenifer,38,dtreadgear1w@berkeley.edu,961-361-3364,812
70,Odelle,Maeer,Jenna,45,omaeer1x@tumblr.com,150-629-9488,799
71,Stacee,Phinnessy,Manley,91485,sphinnessy1y@mlb.com,736-818-3938,816
72,Abelard,Jewess,Larry,22987,ajewess1z@bluehost.com,921-760-5898,170
73,Urson,De Fraine,Prairieview,2,udefraine20@dropbox.com,764-476-4249,770
74,Mandie,Kippen,Paget,6,mkippen21@storify.com,230-561-8005,220
75,Carlo,McGown,Shelley,80,cmcgown22@wp.com,681-303-8719,103
76,Niel,Greep,Meadow Ridge,618,ngreep23@goodreads.com,554-679-1092,418
77,Josiah,Mullord,Crescent Oaks,75,jmullord24@smh.com.au,969-274-2654,753
78,Englebert,Pilmoor,Roth,018,epilmoor25@123-reg.co.uk,797-330-7518,969
79,Pyotr,Sima,Chive,01554,psima26@virginia.edu,213-885-5491,71
80,Yorke,Gare,Fairview,238,ygare27@pbs.org,532-589-0725,351
81,Pansy,Choppen,Redwing,11429,pchoppen28@aol.com,114-101-3070,5
82,Gauthier,Jurn,Warbler,9,gjurn29@accuweather.com,844-307-0573,760
83,Sholom,Stute,Lunder,701,sstute2a@sbwire.com,565-485-3258,481
84,Lincoln,McAw,Lake View,13112,lmcaw2b@nifty.com,926-762-0571,994
85,Rachael,Stirton,Village,1009,rstirton2c@qq.com,407-663-0002,670
86,Travers,Sunshine,Meadow Valley,7304,tsunshine2d@youtube.com,695-740-3748,279
87,Orbadiah,Youngs,Transport,7,oyoungs2e@instagram.com,791-827-4860,459
88,Emlyn,Fredy,Armistice,70241,efredy2f@state.gov,110-715-1694,948
89,Nefen,Maha,Homewood,75,nmaha2g@arstechnica.com,885-170-8364,131
90,Raul,Hardson,Doe Crossing,3653,rhardson2h@economist.com,686-172-5156,453
91,Car,Bridger,Rockefeller,4321,cbridger2i@ezinearticles.com,260-284-8728,444
92,See,Newsham,Prentice,29,snewsham2j@stumbleupon.com,105-851-5872,958
93,Townie,Blogg,Quincy,13,tblogg2k@fastcompany.com,678-330-8232,122
94,Ronda,Doggerell,Merrick,9,rdoggerell2l@hao123.com,923-982-1547,155
95,Angelle,Dubock,Luster,79682,adubock2m@imdb.com,645-629-1212,257
96,Valida,McNirlin,Upham,9246,vmcnirlin2n@ca.gov,153-775-2571,813
97,Davina,De Meis,Mosinee,7,ddemeis2o@rakuten.co.jp,673-675-2477,348
98,Amalita,Filipovic,Clyde Gallagher,7218,afilipovic2p@whitehouse.gov,884-925-5114,109
99,Tiena,Duckit,Schlimgen,8376,tduckit2q@yolasite.com,252-649-4295,601
100,Hamil,Shillabeare,Johnson,51777,hshillabeare2r@infoseek.co.jp,679-150-3724,654
101,Fleurette,Arrell,Dryden,8,farrell2s@virginia.edu,703-555-9378,259
102,Rachael,Maundrell,Johnson,06,rmaundrell2t@amazon.co.uk,891-204-5356,391
103,Pavla,Whettleton,Spaight,366,pwhettleton2u@dmoz.org,655-159-7624,849
104,Lexine,Trinkwon,Blue Bill Park,85,ltrinkwon2v@51.la,443-488-1761,847
105,Alina,Andrichak,Dixon,037,aandrichak2w@amazon.de,979-483-0214,786
106,Blake,Phizakarley,Norway Maple,072,bphizakarley2x@addtoany.com,686-794-1221,297
107,Elton,Wilshire,Rigney,74,ewilshire2y@tripod.com,937-631-6190,947
108,Amelie,Tomasutti,Kennedy,29245,atomasutti2z@imdb.com,391-120-5935,564
109,Pincus,Sorbie,Dakota,96996,psorbie30@tinypic.com,597-632-7004,668
110,Joline,Simla,Moose,2,jsimla31@elpais.com,922-436-4041,289
111,Justin,Di Bartolomeo,Brickson Park,1,jdibartolomeo32@parallels.com,471-918-3974,733
112,Ritchie,Phillpotts,Cody,32,rphillpotts33@photobucket.com,145-522-3245,665
113,Colan,Okker,Mallard,782,cokker34@over-blog.com,875-553-8716,627
114,Birk,Pelz,Fieldstone,5,bpelz35@cdc.gov,550-722-7068,826
115,Marlee,Blunsen,Quincy,16,mblunsen36@dyndns.org,365-683-6074,250
116,Stearn,Gumley,Fieldstone,505,sgumley37@fc2.com,823-615-4420,44
117,Codi,Wenban,Hazelcrest,43,cwenban38@trellian.com,199-384-8574,17
118,Kitti,Roseby,Lerdahl,21001,kroseby39@sohu.com,776-530-3519,675
119,Brose,Tynnan,Stoughton,00571,btynnan3a@cnbc.com,196-577-7259,405
120,Gay,Merck,Logan,9,gmerck3b@acquirethisname.com,936-674-7368,121
121,Jillana,Kineton,Hooker,8,jkineton3c@bbc.co.uk,757-144-8464,23
122,Blair,Gandey,Oak Valley,36956,bgandey3d@instagram.com,243-587-1074,533
123,Noel,Chaimson,Pawling,29475,nchaimson3e@hhs.gov,236-862-5782,794
124,Vivia,Hupka,Waywood,641,vhupka3f@github.com,316-544-6589,744
125,Mirella,Pittford,Merchant,187,mpittford3g@examiner.com,555-313-2009,449
126,Welbie,Roumier,Blackbird,47,wroumier3h@earthlink.net,988-558-5451,815
127,Lowell,Wringe,Merry,039,lwringe3i@lulu.com,757-594-6440,168
128,Grenville,Renackowna,Ridgeway,54,grenackowna3j@live.com,348-793-2133,875
129,Ringo,Kerfut,Vera,2,rkerfut3k@tumblr.com,493-693-1376,186
130,Zorana,Duding,Transport,7,zduding3l@timesonline.co.uk,166-631-0295,537
131,Jeddy,Cammell,Fordem,671,jcammell3m@weibo.com,307-752-4371,976
132,Kaylee,BoHlingolsen,Luster,9,kbohlingolsen3n@jimdo.com,840-243-7789,604
133,Reynard,Corhard,Golf Course,7524,rcorhard3o@miitbeian.gov.cn,868-612-4559,249
134,Clayton,Brachell,Buell,7,cbrachell3p@ask.com,684-402-1152,14
135,Nicolea,Martinuzzi,Nelson,06694,nmartinuzzi3q@theglobeandmail.com,954-510-3809,68
136,Robyn,Kindle,Sage,0,rkindle3r@eventbrite.com,222-318-7026,650
137,Gay,Arlett,5th,6762,garlett3s@google.com,617-826-4999,209
138,Jacklin,Simondson,Valley Edge,1,jsimondson3t@w3.org,744-703-9044,642
139,Sallie,Ledrane,Randy,24006,sledrane3u@google.co.uk,555-813-6651,163
140,Verney,Parsons,Maywood,4823,vparsons3v@people.com.cn,753-168-4357,264
141,Olenka,Tuxsell,Lunder,4668,otuxsell3w@indiegogo.com,776-851-4543,582
142,Devora,Koppe,Fuller,84,dkoppe3x@sun.com,884-367-5791,680
143,Chaddy,Mulvihill,Ridge Oak,8,cmulvihill3y@pcworld.com,834-865-8722,703
144,Torrey,Climer,Forest,7028,tclimer3z@lulu.com,514-288-9472,284
145,Ker,Rau,Marcy,244,krau40@netvibes.com,952-311-1192,867
146,Everard,Ingerson,Thompson,38603,eingerson41@eepurl.com,520-985-7326,42
147,Toby,Hallagan,Kennedy,86,thallagan42@issuu.com,602-686-5156,362
148,Riane,Cardenas,Grasskamp,861,rcardenas43@google.com.br,464-687-0846,975
149,Karim,Wanka,Pearson,2122,kwanka44@cnn.com,182-671-3602,368
150,Jethro,Ather,Randy,37872,jather45@nba.com,385-890-0898,885
151,Maia,Kivlehan,Warrior,10,mkivlehan46@skype.com,911-520-9805,565
152,Lorens,Berryann,Sachtjen,57171,lberryann47@sogou.com,279-809-5024,492
153,Othilia,Franciotti,Pepper Wood,4,ofranciotti48@elpais.com,930-105-8000,149
154,Derrick,Caig,Packers,3654,dcaig49@amazon.co.jp,423-217-0054,694
155,Anestassia,Le Cornu,West,943,alecornu4a@bing.com,258-569-7257,782
156,Gary,Isack,Miller,72420,gisack4b@4shared.com,150-864-9957,523
157,Kally,Earley,Farragut,0386,kearley4c@g.co,656-599-3775,253
158,Reinwald,Nanuccioi,5th,2,rnanuccioi4d@friendfeed.com,825-568-9586,777
159,Veda,Obeney,Crest Line,0,vobeney4e@java.com,654-823-2456,806
160,Brett,Hustings,Fordem,2,bhustings4f@lycos.com,701-139-4078,970
161,Livia,Stocken,Monterey,67810,lstocken4g@mlb.com,598-605-9433,466
162,Kyrstin,McComiskey,Jenifer,57290,kmccomiskey4h@squarespace.com,246-853-4668,814
163,Orran,Fogt,Rusk,49874,ofogt4i@skyrock.com,405-638-7124,214
164,Kinsley,Szapiro,Portage,04296,kszapiro4j@istockphoto.com,555-943-4302,46
165,Shanda,Veldens,Banding,1798,sveldens4k@reference.com,954-710-5651,26
166,Benoit,Gavin,Stephen,1,bgavin4l@sfgate.com,403-420-5146,735
167,Bing,Desaur,Banding,489,bdesaur4m@scientificamerican.com,101-978-1937,191
168,Richardo,Petzolt,Forest Dale,664,rpetzolt4n@rambler.ru,383-146-6010,556
169,Winona,Sadry,Mallory,26154,wsadry4o@seesaa.net,932-143-0215,256
170,Barbara,Seiler,Debra,19,bseiler4p@mayoclinic.com,637-242-8974,594
171,Wallache,Raulstone,Harper,628,wraulstone4q@cdbaby.com,118-208-6794,477
172,Phylys,Vaissiere,Eliot,0,pvaissiere4r@nature.com,570-320-2340,366
173,Cecilla,Owain,Mitchell,7890,cowain4s@cdbaby.com,462-193-9629,761
174,Ambrosio,Kimblin,Anhalt,1986,akimblin4t@xinhuanet.com,753-793-5117,721
175,Sigfrid,Collingworth,Jenna,3,scollingworth4u@prnewswire.com,149-101-0878,548
176,Flore,Brookwood,Bunker Hill,229,fbrookwood4v@slashdot.org,147-828-8556,36
177,Sileas,Nutkins,Northwestern,8,snutkins4w@yandex.ru,508-774-3955,221
178,Quinton,Clemes,Cherokee,81069,qclemes4x@friendfeed.com,528-760-2791,524
179,Kaspar,Riedel,Sunfield,16,kriedel4y@harvard.edu,582-586-4948,79
180,Maryanna,Waby,Lillian,8,mwaby4z@rambler.ru,331-624-0503,504
181,Perceval,Leathers,Brickson Park,745,pleathers50@lulu.com,832-423-7005,340
182,Maggie,Grundey,Dixon,6,mgrundey51@odnoklassniki.ru,366-234-2978,779
183,Sidoney,Kitt,Almo,6194,skitt52@google.fr,623-439-6938,365
184,Bank,Gunney,Annamark,5601,bgunney53@over-blog.com,449-442-8552,581
185,Prinz,Fernier,Spenser,891,pfernier54@liveinternet.ru,767-606-9367,681
186,Marcus,Gremane,Larry,648,mgremane55@theglobeandmail.com,968-415-0268,952
187,Claudelle,Liebmann,Luster,8,cliebmann56@hugedomains.com,125-371-1758,117
188,Natale,Ivanchenkov,Rieder,78,nivanchenkov57@google.com.hk,247-853-1942,660
189,Mina,Hulke,Petterle,156,mhulke58@aol.com,413-348-3395,619
190,Giorgi,Olivazzi,Annamark,0185,golivazzi59@ning.com,996-499-5096,33
191,Jenni,Fero,Knutson,1028,jfero5a@skype.com,440-718-7072,930
192,Austine,Delia,Bayside,30492,adelia5b@youku.com,702-966-5606,855
193,Deny,Stormonth,Clemons,434,dstormonth5c@nih.gov,852-132-2993,60
194,Ivar,Pedreschi,Mendota,9982,ipedreschi5d@prnewswire.com,690-297-3163,476
195,Elnar,Arnett,Goodland,871,earnett5e@jigsy.com,974-504-7940,119
196,Berne,Buddles,Reindahl,5,bbuddles5f@github.com,718-413-7253,846
197,Leicester,Monkton,Golf,164,lmonkton5g@blogger.com,425-545-5427,254
198,Leticia,Hastelow,Sutherland,2692,lhastelow5h@slideshare.net,592-133-7029,1
199,Jeremy,Sambells,American,91,jsambells5i@ameblo.jp,501-755-1800,28
200,Brandais,Benyan,Summerview,79662,bbenyan5j@china.com.cn,294-861-4302,231
201,Adrian,Van Der Straaten,Schlimgen,61747,avanderstraaten5k@friendfeed.com,144-166-2252,2
202,Rebeca,Edmeads,West,402,redmeads5l@tmall.com,945-890-0281,225
203,Ida,Bunner,Monument,004,ibunner5m@fda.gov,805-546-3578,401
204,Tailor,Pinnick,Sunfield,67187,tpinnick5n@ihg.com,166-914-4539,796
205,Carly,Filliskirk,Maryland,4,cfilliskirk5o@admin.ch,500-185-5681,693
206,Renee,Digges,Delladonna,383,rdigges5p@sourceforge.net,418-361-8253,897
207,Carree,Carwithen,Village Green,1856,ccarwithen5q@bloglovin.com,159-243-1940,657
208,Eliot,Mannakee,Muir,7,emannakee5r@sohu.com,416-530-5155,440
209,Clarinda,Moon,Independence,90,cmoon5s@springer.com,260-380-3292,985
210,Babb,Boydle,Aberg,7,bboydle5t@examiner.com,962-245-8326,1000
211,Timothee,Janway,Fisk,9825,tjanway5u@odnoklassniki.ru,713-233-8354,447
212,Camilla,Kebbell,Dottie,218,ckebbell5v@patch.com,672-159-1558,902
213,Eleonora,Pogosian,Commercial,366,epogosian5w@jalbum.net,756-475-5749,438
214,Tris,Worvill,Pine View,586,tworvill5x@usnews.com,286-617-4759,490
215,Manya,Boshers,Badeau,38,mboshers5y@ihg.com,672-781-7538,700
216,Lloyd,Gooda,Summerview,4621,lgooda5z@cornell.edu,825-646-8530,824
217,Sileas,Beaney,Briar Crest,149,sbeaney60@businesswire.com,673-796-2322,608
218,Clemmie,Yakushkev,Southridge,7,cyakushkev61@howstuffworks.com,885-395-9277,979
219,Cornelle,Pinson,Declaration,88519,cpinson62@gnu.org,110-756-3082,93
220,Mil,Greendale,Kipling,56,mgreendale63@buzzfeed.com,135-694-8686,545
221,Rudolph,Haney`,Fair Oaks,45021,rhaney64@weibo.com,977-995-5051,152
222,Nana,Addess,Fisk,28807,naddess65@wsj.com,373-857-2618,905
223,Carlyle,Leggen,Mesta,03096,cleggen66@google.co.uk,180-766-1150,319
224,Marietta,Slucock,Kenwood,8915,mslucock67@newsvine.com,430-220-5455,70
225,Gustavus,Colmer,Stang,81,gcolmer68@rambler.ru,676-932-2879,629
226,Karen,Beckerleg,Waxwing,81441,kbeckerleg69@over-blog.com,511-851-2662,584
227,Jodie,Weakley,Mallory,9,jweakley6a@domainmarket.com,808-606-8742,598
228,Hale,Dametti,Paget,60145,hdametti6b@shop-pro.jp,483-409-9341,696
229,Mitchel,Duffield,Fulton,0,mduffield6c@home.pl,468-591-6754,135
230,Augustina,Skellern,Vernon,2,askellern6d@elegantthemes.com,220-776-7689,701
231,Upton,Meagh,Roth,84133,umeagh6e@microsoft.com,497-792-8721,833
232,Amble,Isaq,Westend,68,aisaq6f@economist.com,378-723-4934,463
233,Taite,Orbell,Colorado,650,torbell6g@alibaba.com,727-494-6344,579
234,Dagny,Josling,Lawn,5,djosling6h@cisco.com,619-213-6643,437
235,Maryanne,McFfaden,Sunfield,175,mmcffaden6i@soup.io,350-706-1108,559
236,Joli,Sherratt,Lerdahl,82,jsherratt6j@tiny.cc,962-924-1691,378
237,Bobbee,Burgwin,Crownhardt,2,bburgwin6k@un.org,364-210-1672,7
238,Eustace,Bocking,Hoffman,2,ebocking6l@wisc.edu,258-446-6269,984
239,Etienne,Vreede,Hudson,068,evreede6m@weather.com,275-296-8066,982
240,Colline,Velte,Boyd,4477,cvelte6n@arstechnica.com,548-946-9201,389
241,Rickard,Kippins,Ohio,41272,rkippins6o@yelp.com,919-712-9921,262
242,Verine,Chugg,Montana,7510,vchugg6p@bbb.org,330-752-6275,94
243,Tedman,Risdale,Ridgeview,395,trisdale6q@storify.com,564-334-7405,547
244,Bertie,Tape,Dexter,333,btape6r@angelfire.com,311-813-9106,326
245,Nathanil,Haensel,Pennsylvania,7486,nhaensel6s@feedburner.com,762-851-3347,756
246,Talbot,Stoll,Ludington,01424,tstoll6t@ameblo.jp,656-576-7603,108
247,Zacherie,Plaistowe,Ridgeview,1,zplaistowe6u@prlog.org,142-373-8742,124
248,Nadiya,Hearsum,Manufacturers,0,nhearsum6v@printfriendly.com,894-297-6349,245
249,Marlowe,Garry,Dorton,8620,mgarry6w@vistaprint.com,824-904-0315,352
250,Eyde,Cinderey,Claremont,4950,ecinderey6x@huffingtonpost.com,686-191-4545,804
251,Meridel,Ambrosoni,Rowland,758,mambrosoni6y@arizona.edu,706-510-9582,589
252,Luca,Kingzeth,Evergreen,89496,lkingzeth6z@squidoo.com,565-459-2464,613
253,Jeremias,Jiranek,Hooker,932,jjiranek70@slashdot.org,866-656-9290,126
254,Ninetta,Heatherington,Portage,3,nheatherington71@marketwatch.com,743-169-2501,442
255,Bondon,Trahar,Maryland,48658,btrahar72@epa.gov,845-357-9697,173
256,Aldis,Melley,Scoville,7,amelley73@youku.com,198-790-8103,607
257,Maxim,Piggrem,Commercial,28206,mpiggrem74@rediff.com,786-678-0506,711
258,Jenda,Kirsz,Hauk,23051,jkirsz75@ucsd.edu,875-616-1044,321
259,Boy,Tewkesbury,Havey,92,btewkesbury76@cbc.ca,732-943-7768,791
260,Mahmud,Pavlishchev,Glendale,4,mpavlishchev77@cisco.com,844-775-4792,684
261,Brant,Daniello,Barby,931,bdaniello78@hud.gov,935-182-3756,299
262,Rosalind,Ferriman,Daystar,7,rferriman79@jimdo.com,782-103-6079,879
263,Dom,Penwarden,Sherman,95,dpenwarden7a@smugmug.com,752-364-7202,458
264,Caty,Duchasteau,Mallory,72785,cduchasteau7b@elegantthemes.com,523-838-6919,980
265,Portie,Moran,Thierer,3405,pmoran7c@shareasale.com,174-595-2250,9
266,Jilly,Fitzharris,Sunbrook,37016,jfitzharris7d@booking.com,177-199-2453,48
267,Katherina,Brinkman,Talmadge,692,kbrinkman7e@narod.ru,424-414-2644,699
268,Dare,Gotter,Commercial,67,dgotter7f@liveinternet.ru,600-512-1803,304
269,Yardley,Powe,Golf,8037,ypowe7g@icq.com,185-965-7176,263
270,Angel,O'Suaird,Muir,64,aosuaird7h@forbes.com,171-785-9723,634
271,Malina,Benoey,Hagan,70,mbenoey7i@yelp.com,174-242-1906,69
272,Darin,Hallgarth,Merrick,94,dhallgarth7j@irs.gov,540-965-4563,211
273,Gerrilee,Arderne,Corscot,07669,garderne7k@state.tx.us,622-110-8335,679
274,Mohammed,Elfe,Sage,23013,melfe7l@google.fr,768-560-5079,549
275,Price,Goves,Red Cloud,876,pgoves7m@globo.com,209-619-2050,255
276,Blinnie,Armsden,Truax,54231,barmsden7n@shinystat.com,529-841-8449,120
277,Werner,Kimpton,Barnett,94867,wkimpton7o@com.com,151-380-5648,636
278,Caresa,Swanton,Northridge,74105,cswanton7p@hexun.com,436-880-8495,590
279,Philbert,Bibb,Leroy,94,pbibb7q@alibaba.com,518-730-5034,858
280,Jeannie,Lawler,Talisman,0376,jlawler7r@sogou.com,170-382-5942,752
281,Ros,Matkovic,Hallows,72,rmatkovic7s@hp.com,198-113-0221,886
282,Stoddard,Essam,Kedzie,2,sessam7t@icq.com,450-563-4957,398
283,Kelcey,Feldman,Trailsway,87840,kfeldman7u@jimdo.com,442-182-9833,769
284,Kristoforo,Morrice,Rusk,5515,kmorrice7v@wikipedia.org,461-802-5108,465
285,Stavros,Langsbury,5th,047,slangsbury7w@paginegialle.it,371-539-9454,24
286,Hastie,Halgarth,Almo,5374,hhalgarth7x@sakura.ne.jp,705-846-2569,73
287,Lyle,Spinella,Amoth,76,lspinella7y@shutterfly.com,778-637-9919,86
288,Jarrad,Martins,Kedzie,1631,jmartins7z@sohu.com,229-285-2677,41
289,Pris,Bilyard,Swallow,2,pbilyard80@sbwire.com,398-702-9726,739
290,Jamie,Larking,Mendota,6,jlarking81@skyrock.com,819-557-4283,90
291,Doy,Echalie,Myrtle,65,dechalie82@nba.com,383-974-2542,732
292,Roderick,Glozman,Del Sol,37,rglozman83@godaddy.com,377-225-6502,558
293,Gardner,Colegrove,Briar Crest,2,gcolegrove84@tripod.com,206-156-2127,861
294,Avril,Daffey,Sachs,49761,adaffey85@canalblog.com,731-724-4065,497
295,Aluin,Lorrain,Carberry,66,alorrain86@macromedia.com,461-143-7827,667
296,Garwood,Eyres,Larry,49,geyres87@fda.gov,849-993-7536,512
297,Sileas,Ivons,Summerview,446,sivons88@goo.gl,783-864-2162,776
298,Orbadiah,Burker,Pawling,319,oburker89@dmoz.org,373-999-1688,998
299,Rayshell,Moules,Hudson,7289,rmoules8a@dropbox.com,663-930-3613,605
300,Sherline,Ferrucci,Weeping Birch,80,sferrucci8b@princeton.edu,134-319-5575,74
301,Mead,O'Dougherty,Montana,62823,modougherty8c@feedburner.com,647-942-1166,718
302,Angelita,O'Lenechan,Oxford,91,aolenechan8d@sphinn.com,149-504-5156,887
303,Ignacius,Bentick,Randy,2,ibentick8e@posterous.com,867-274-7190,27
304,Pate,Bartrum,Linden,49734,pbartrum8f@wix.com,869-631-0329,914
305,Homer,Tout,Arrowood,7,htout8g@prlog.org,459-592-2098,788
306,Abra,Lambin,Merrick,5,alambin8h@comsenz.com,928-536-6478,269
307,Shellie,Langthorne,Pankratz,2,slangthorne8i@who.int,489-204-1320,727
308,Mendy,Lavallie,Kings,4,mlavallie8j@unc.edu,234-388-4782,471
309,Shirl,Malcolmson,Dottie,9749,smalcolmson8k@php.net,137-349-0083,923
310,Ray,Vasyutkin,Judy,82,rvasyutkin8l@360.cn,195-479-8938,908
311,Lorianna,Bettis,Anniversary,7804,lbettis8m@youtube.com,167-988-6173,293
312,Joleen,Housaman,Drewry,9961,jhousaman8n@foxnews.com,290-984-6551,95
313,Galen,Igoe,Lighthouse Bay,8794,gigoe8o@utexas.edu,665-992-5096,723
314,Jens,Grigs,Red Cloud,50138,jgrigs8p@bluehost.com,443-763-5535,666
315,Mollee,Axel,Fairview,7,maxel8q@behance.net,358-561-8704,266
316,Heather,Audsley,International,45,haudsley8r@tripod.com,751-925-1317,171
317,Hobie,Biggadyke,Warner,71000,hbiggadyke8s@comcast.net,324-721-0864,308
318,Chryste,Corr,Magdeline,86,ccorr8t@photobucket.com,583-322-5792,863
319,Donia,Klosa,Superior,6050,dklosa8u@nyu.edu,577-261-5685,801
320,Lyman,Patriche,Nevada,6377,lpatriche8v@google.pl,818-652-5991,802
321,Obidiah,Saby,Brown,7006,osaby8w@home.pl,364-569-4373,12
322,Adolphe,Keetch,Shelley,3,akeetch8x@vistaprint.com,145-448-8861,47
323,Poppy,Tarbett,Carpenter,47,ptarbett8y@dedecms.com,571-157-7059,663
324,Lambert,Mingaye,Rutledge,9,lmingaye8z@cornell.edu,534-769-5901,743
325,Harcourt,Firks,Mallard,1,hfirks90@networkadvertising.org,926-670-6841,451
326,Archibaldo,Joost,Loeprich,096,ajoost91@sitemeter.com,868-287-4316,618
327,Orbadiah,Swinden,Oxford,20263,oswinden92@wikipedia.org,285-822-6021,315
328,Mathilde,Denkel,Larry,1054,mdenkel93@exblog.jp,793-243-8977,853
329,Anatollo,Parsonson,Sachs,68,aparsonson94@theglobeandmail.com,130-221-8930,428
330,Harlie,Klimschak,Ramsey,28,hklimschak95@businessweek.com,853-974-4630,678
331,Stacee,Hellicar,Jana,119,shellicar96@delicious.com,407-549-4374,493
332,Coleman,Gemlbett,John Wall,49,cgemlbett97@pen.io,257-427-5090,363
333,Katina,Friatt,Prairieview,66832,kfriatt98@bloomberg.com,604-971-5638,166
334,Jenn,Tutin,Hauk,2649,jtutin99@ameblo.jp,579-335-6489,287
335,Chiquita,Matteris,Claremont,8787,cmatteris9a@bluehost.com,829-852-5896,441
336,Olin,Sans,Gulseth,1650,osans9b@skype.com,121-751-4057,915
337,Callida,Attenbrough,Packers,3,cattenbrough9c@loc.gov,584-946-3323,445
338,Pete,Francklyn,Muir,8,pfrancklyn9d@live.com,292-991-0248,313
339,Pepe,Falls,Coolidge,70536,pfalls9e@gravatar.com,688-883-2697,192
340,Dominick,Maxweell,Grasskamp,8,dmaxweell9f@webs.com,137-263-7431,546
341,Nowell,Summerrell,Hovde,66,nsummerrell9g@theatlantic.com,443-503-8638,335
342,Andree,Audsley,Washington,9220,aaudsley9h@independent.co.uk,815-382-1792,364
343,Emylee,Tearle,Waubesa,21980,etearle9i@china.com.cn,331-305-8443,999
344,Ev,Jaye,Springview,03,ejaye9j@unicef.org,694-501-4127,265
345,Lena,Munkley,5th,51,lmunkley9k@ucoz.com,647-336-6584,991
346,Konrad,Oiseau,Alpine,6,koiseau9l@washington.edu,588-536-0187,929
347,Filbert,Scopyn,Nobel,6,fscopyn9m@businesswire.com,747-651-5416,342
348,Yovonnda,Winsper,Canary,15998,ywinsper9n@1und1.de,911-685-0504,298
349,Theodor,McDade,Transport,8353,tmcdade9o@ted.com,698-737-6675,944
350,Henderson,Bownde,Pawling,0,hbownde9p@mapy.cz,976-414-4377,659
351,Tasha,Romain,Sherman,29,tromain9q@bizjournals.com,285-942-1011,305
352,Bard,Allchorne,Melrose,51,ballchorne9r@reverbnation.com,201-775-5306,652
353,Shellie,Otterwell,Graedel,247,sotterwell9s@surveymonkey.com,333-285-0619,750
354,Seymour,Oats,Eliot,582,soats9t@cocolog-nifty.com,294-614-7810,936
355,Valida,Dougherty,Dwight,331,vdougherty9u@oakley.com,716-903-6529,456
356,Augy,Pankethman,Cardinal,808,apankethman9v@bbb.org,679-394-3692,965
357,Temp,Gilbody,Lake View,5459,tgilbody9w@wp.com,774-507-7083,596
358,Deb,Habbin,Superior,7,dhabbin9x@usnews.com,521-629-3490,862
359,Quinn,Ely,Elka,12776,qely9y@nifty.com,608-510-4616,937
360,Forster,Beltzner,Shasta,25588,fbeltzner9z@businesswire.com,419-647-8745,757
361,Lottie,Hassewell,Basil,9202,lhassewella0@cocolog-nifty.com,570-978-8202,759
362,Teodorico,Staniland,Delladonna,0,tstanilanda1@stanford.edu,970-776-4761,320
363,Julia,Retter,Amoth,716,jrettera2@oracle.com,620-321-2761,845
364,Berky,Skoggins,Glacier Hill,4764,bskogginsa3@shop-pro.jp,428-322-5334,343
365,Elwira,Beavon,John Wall,001,ebeavona4@mtv.com,449-351-8234,569
366,Morton,Woodison,Petterle,09512,mwoodisona5@constantcontact.com,166-421-5770,110
367,Latrina,Bracknell,Summer Ridge,3,lbracknella6@mac.com,431-699-5524,901
368,Mariam,Beament,Shasta,88,mbeamenta7@mail.ru,326-958-0771,977
369,Sarge,Driscoll,Springview,2,sdriscolla8@blogger.com,721-462-7273,204
370,Rurik,Ply,Vermont,91347,rplya9@pagesperso-orange.fr,541-361-0315,182
371,Noni,Van Son,Debs,581,nvansonaa@cnet.com,259-785-8390,230
372,Martguerita,Garci,Homewood,9583,mgarciab@google.com.hk,195-596-5286,877
373,Nerita,Eyton,Steensland,8,neytonac@ucla.edu,208-513-6734,529
374,Sigfried,Verrell,Macpherson,0960,sverrellad@samsung.com,743-754-8038,843
375,Charita,Alford,Superior,3232,calfordae@i2i.jp,214-537-2246,740
376,Ofilia,Formby,Heffernan,68512,oformbyaf@ehow.com,680-903-4353,589
377,Sauveur,Rosendahl,Butterfield,204,srosendahlag@moonfruit.com,857-804-3897,506
378,Alva,Hoggin,Rigney,80,ahogginah@discovery.com,791-515-1105,152
379,Lil,Statefield,Burning Wood,84,lstatefieldai@scientificamerican.com,648-680-8891,73
380,Cesaro,Perkin,Gina,62,cperkinaj@microsoft.com,183-135-9945,925
381,Ulrika,Luttgert,Trailsway,2,uluttgertak@typepad.com,783-243-5666,838
382,Jackqueline,Eede,Thierer,342,jeedeal@netscape.com,825-900-7102,898
383,Chrisse,Binne,Cordelia,5232,cbinneam@abc.net.au,268-922-9298,772
384,Gabbi,Knottley,Stuart,647,gknottleyan@oaic.gov.au,652-417-6719,343
385,Flossi,MacTeggart,Mcbride,59537,fmacteggartao@tuttocitta.it,361-770-3808,423
386,Courtney,Lawlie,Marquette,86,clawlieap@domainmarket.com,110-670-7661,862
387,Cirstoforo,O'Fallone,Derek,66061,cofalloneaq@slate.com,888-439-1486,681
388,Gustave,Grenville,Oak Valley,778,ggrenvillear@infoseek.co.jp,975-979-7517,604
389,Sydelle,Blampy,Scofield,5432,sblampyas@discuz.net,587-575-9173,872
390,Stanford,Crangle,Transport,154,scrangleat@live.com,119-306-2231,937
391,Missy,McLaggan,Sundown,1411,mmclagganau@mac.com,402-984-3239,998
392,Eleni,Granham,Moulton,39,egranhamav@csmonitor.com,899-818-8888,499
393,Valentia,Geerling,Buena Vista,931,vgeerlingaw@yandex.ru,735-721-7086,594
394,Kalinda,Geary,Kenwood,5397,kgearyax@reference.com,211-975-3112,342
395,Dilly,Karlolak,Vermont,48,dkarlolakay@tiny.cc,424-542-4557,235
396,Ignazio,Hunte,Hoffman,11,ihunteaz@flickr.com,224-394-1731,268
397,Danit,Pllu,Eagle Crest,8,dpllub0@ameblo.jp,787-228-6761,618
398,Reg,Tebbett,Boyd,48978,rtebbettb1@mail.ru,134-537-3118,344
399,Rowe,Oliphand,Marquette,4,roliphandb2@google.pl,356-778-7271,113
400,Elaine,Jakovijevic,Vahlen,648,ejakovijevicb3@cpanel.net,706-961-3755,44
401,Gilli,Rendle,Kingsford,8274,grendleb4@cafepress.com,881-503-9215,331
402,Erina,Birdseye,Artisan,7,ebirdseyeb5@stanford.edu,865-627-7607,771
403,Maybelle,Liggons,Colorado,34859,mliggonsb6@infoseek.co.jp,502-126-2437,193
404,Piggy,Pledger,Aberg,7,ppledgerb7@lulu.com,962-772-1236,549
405,Lexie,Klimentyev,Springview,62502,lklimentyevb8@cnbc.com,610-789-5640,555
406,Warren,Guilliatt,Corscot,7222,wguilliattb9@shinystat.com,719-802-4739,686
407,Herve,Scrace,Ramsey,5,hscraceba@cisco.com,544-365-0028,267
408,Gabrielle,Backsal,Oriole,9904,gbacksalbb@virginia.edu,105-861-2664,615
409,Smitty,Yantsev,Sunbrook,7,syantsevbc@networksolutions.com,423-371-4455,100
410,Gerick,Mingey,Debra,7894,gmingeybd@baidu.com,800-152-8893,450
411,Fayth,Peak,Nelson,19225,fpeakbe@networksolutions.com,257-314-4249,583
412,Preston,Charrett,Burrows,598,pcharrettbf@examiner.com,321-400-5615,716
413,Gene,MacGregor,Sugar,4176,gmacgregorbg@squarespace.com,912-372-4444,234
414,Silvester,Rymill,Del Sol,0,srymillbh@meetup.com,639-491-3044,117
415,Crissie,Brantzen,Gateway,50,cbrantzenbi@sun.com,182-454-0132,856
416,Christian,McIlwaine,7th,64,cmcilwainebj@godaddy.com,630-324-0258,27
417,Caprice,Sussams,Vahlen,0513,csussamsbk@constantcontact.com,256-369-4020,942
418,Maryanne,Carver,Colorado,177,mcarverbl@gov.uk,414-543-6330,188
419,Glenden,Trittam,Thierer,64,gtrittambm@dot.gov,271-463-4705,965
420,Hamnet,Freak,Pepper Wood,6,hfreakbn@washingtonpost.com,747-360-7653,278
421,Freda,Van der Spohr,Duke,093,fvanderspohrbo@bluehost.com,336-241-9997,563
422,Scarface,Libbey,Hagan,9967,slibbeybp@deliciousdays.com,871-114-6893,441
423,Sherwynd,Bucknill,Dwight,7,sbucknillbq@ca.gov,822-302-1105,775
424,Rozina,Coronas,Tony,9,rcoronasbr@hp.com,265-592-6595,103
425,Tiffanie,Simenet,Clyde Gallagher,4249,tsimenetbs@state.gov,971-947-6997,796
426,Olga,Gauntley,Golf Course,1380,ogauntleybt@wordpress.com,817-114-5965,558
427,Maje,Blankman,Ohio,70,mblankmanbu@dropbox.com,491-731-1758,294
428,Crissie,Podbury,Dakota,932,cpodburybv@devhub.com,428-977-8634,736
429,Sissy,Stillgoe,Meadow Vale,98,sstillgoebw@goo.gl,769-313-3928,928
430,Ravid,Nicholes,Pepper Wood,5816,rnicholesbx@chicagotribune.com,936-819-8177,996
431,Aeriell,Bushell,Erie,48,abushellby@zimbio.com,482-459-3286,980
432,Lucius,Schimoni,Bartelt,2249,lschimonibz@myspace.com,521-271-6398,236
433,Hanny,Bellson,Northland,9406,hbellsonc0@symantec.com,859-360-9047,337
434,Flem,Algar,Sunnyside,3,falgarc1@xing.com,140-100-4463,136
435,Melita,McGiven,Mayer,16576,mmcgivenc2@arstechnica.com,202-410-1062,274
436,Oralia,Blannin,Judy,65177,oblanninc3@vimeo.com,886-989-9490,214
437,Brandie,Carcass,Northport,9153,bcarcassc4@zdnet.com,373-530-5219,932
438,Andree,Richel,Hallows,38809,arichelc5@economist.com,481-386-3097,599
439,Lynsey,Tungay,Derek,6818,ltungayc6@issuu.com,277-810-1176,798
440,Garrick,Wickling,Lakewood,7,gwicklingc7@printfriendly.com,659-144-1097,230
441,Shalom,Methingam,Ruskin,7692,smethingamc8@merriam-webster.com,728-300-7807,713
442,Rachael,Stansbury,Delaware,1,rstansburyc9@ucsd.edu,910-615-4119,119
443,Chaunce,Jewiss,Emmet,23,cjewissca@alibaba.com,638-154-7289,875
444,Karyn,Stollenbeck,Glacier Hill,038,kstollenbeckcb@studiopress.com,242-165-2011,566
445,Tiebold,Tzarkov,Annamark,791,ttzarkovcc@mayoclinic.com,563-266-1361,542
446,Axel,Robion,Emmet,3750,arobioncd@flavors.me,819-987-3124,157
447,Darelle,Karppi,Green Ridge,1,dkarppice@quantcast.com,837-924-1359,637
448,Wendye,Rearie,Bunker Hill,903,wreariecf@rambler.ru,825-723-7102,968
449,Rustie,Mantripp,Kropf,3960,rmantrippcg@telegraph.co.uk,701-147-5481,201
450,Bing,Biddle,Hooker,817,bbiddlech@intel.com,445-223-3723,335
451,Toiboid,Pawlick,Browning,46554,tpawlickci@mapquest.com,961-284-2080,24
452,Bryanty,Tuison,Carpenter,8392,btuisoncj@squarespace.com,929-387-0956,688
453,Godfry,Sherwood,Sundown,4,gsherwoodck@usatoday.com,214-917-4633,633
454,Petr,Ickovicz,Saint Paul,443,pickoviczcl@nyu.edu,708-202-7269,97
455,Nada,Kleeman,Ramsey,5190,nkleemancm@npr.org,973-341-6107,545
456,Tannie,Ashurst,Pennsylvania,68,tashurstcn@hatena.ne.jp,285-316-0141,101
457,Rakel,Touret,Mandrake,7,rtouretco@ocn.ne.jp,170-113-8771,630
458,Jeff,Clavey,Dryden,97,jclaveycp@nasa.gov,479-437-1394,993
459,Heather,Malbon,Starling,236,hmalboncq@linkedin.com,493-710-1617,885
460,Steward,Prattin,Graceland,912,sprattincr@netscape.com,312-568-2875,161
461,Belia,Crowdson,East,0610,bcrowdsoncs@merriam-webster.com,860-736-7103,453
462,Mitchell,Rattrie,Mosinee,4616,mrattriect@illinois.edu,363-548-4111,476
463,Karl,Rodson,Del Mar,98410,krodsoncu@sciencedaily.com,409-258-3360,960
464,Abbott,Oak,Jenna,1,aoakcv@hao123.com,429-604-8577,240
465,Egan,Baugham,Hintze,0,ebaughamcw@mail.ru,987-305-4363,197
466,Maye,Baudino,Di Loreto,3680,mbaudinocx@eventbrite.com,481-697-2986,109
467,Pierce,MacAllister,Pankratz,43,pmacallistercy@lycos.com,975-567-8548,381
468,Luke,Hansard,Hoepker,542,lhansardcz@seattletimes.com,881-101-1259,426
469,Nalani,Dominka,Gale,16936,ndominkad0@bloglovin.com,851-754-2817,782
470,Charissa,Selburn,Messerschmidt,0,cselburnd1@craigslist.org,909-300-4047,859
471,Zena,Atchly,Stephen,9,zatchlyd2@ocn.ne.jp,367-473-1052,888
472,Reilly,Piggrem,Esch,33,rpiggremd3@youku.com,526-228-9240,878
473,Niles,Trimble,Eggendart,209,ntrimbled4@xrea.com,697-923-5126,111
474,Bogart,Bolsteridge,Dakota,52,bbolsteridged5@japanpost.jp,960-381-4195,373
475,Ker,Raincin,Dapin,42304,kraincind6@github.com,619-481-1396,129
476,Brandice,Pulbrook,Fair Oaks,742,bpulbrookd7@bing.com,244-546-3494,546
477,Harper,Aleveque,Schurz,94912,halevequed8@cbc.ca,166-886-5594,210
478,Lynna,Selly,Canary,1382,lsellyd9@cam.ac.uk,444-806-1836,20
479,Nowell,Chiverstone,Cordelia,95,nchiverstoneda@webmd.com,166-343-4744,971
480,Alix,Brownscombe,Schmedeman,2552,abrownscombedb@ning.com,209-286-3846,90
481,Stacy,Gremain,Acker,38625,sgremaindc@discuz.net,208-701-9085,61
482,Roze,Andrin,Holy Cross,231,randrindd@simplemachines.org,522-864-8757,697
483,Shadow,Stadden,Village Green,3671,sstaddende@imageshack.us,976-464-3043,714
484,Gloriane,Sphinxe,Mcbride,7362,gsphinxedf@yellowbook.com,635-211-1960,701
485,Marillin,McEnhill,4th,38,mmcenhilldg@list-manage.com,944-377-1158,643
486,Livvie,Tyreman,Gina,751,ltyremandh@storify.com,787-605-2465,437
487,Moritz,Brydone,Logan,4,mbrydonedi@ftc.gov,114-173-4393,689
488,Vassily,Halkyard,Maryland,4453,vhalkyarddj@sbwire.com,671-658-1070,174
489,Leo,Ferreo,Northridge,7570,lferreodk@nifty.com,476-407-3574,535
490,Trevor,Thrift,Meadow Ridge,5197,tthriftdl@ft.com,621-865-4042,425
491,Joshua,Dillestone,Anniversary,986,jdillestonedm@desdev.cn,921-152-5132,773
492,Thane,Skiplorne,Starling,65,tskiplornedn@google.co.jp,172-683-6892,65
493,Lindsay,Vuitte,Bayside,2823,lvuittedo@google.co.jp,789-499-2115,815
494,Drud,Mowsley,Emmet,339,dmowsleydp@t-online.de,773-522-8452,926
495,Michael,Dhennin,Blue Bill Park,302,mdhennindq@cbslocal.com,504-495-6223,6
496,Odelle,Orsay,Scoville,961,oorsaydr@mozilla.com,997-372-6448,470
497,Glyn,Pearsall,Onsgard,375,gpearsallds@ovh.net,403-775-5069,63
498,Manolo,Coolican,Holmberg,26,mcoolicandt@yale.edu,232-258-7266,284
499,Giovanna,Tamburi,Cascade,8402,gtamburidu@go.com,865-605-3739,293
500,Latrena,Andreichik,Jenna,1950,landreichikdv@independent.co.uk,318-751-1688,569
501,Reese,MacParland,Glacier Hill,1769,rmacparlanddw@google.ru,523-987-9825,254
502,Constanta,Strooband,Laurel,1569,cstroobanddx@github.io,354-832-6413,644
503,Roderich,McMorran,Dawn,30195,rmcmorrandy@fastcompany.com,187-781-5954,751
504,Martha,Mitchell,Upham,784,mmitchelldz@sciencedirect.com,541-141-3444,634
505,Kalindi,McKennan,Ruskin,59,kmckennane0@de.vu,162-596-2469,603
506,Crichton,Maplethorp,Norway Maple,63,cmaplethorpe1@bloomberg.com,989-870-2705,909
507,Chrysler,Maleby,Mallory,680,cmalebye2@php.net,110-438-7313,144
508,Angil,Godain,International,15473,agodaine3@walmart.com,184-482-1165,805
509,Teodoro,Attock,Almo,8,tattocke4@diigo.com,800-483-7922,994
510,Anabella,Blondell,Nancy,672,ablondelle5@washington.edu,152-780-0017,19
511,Joyous,Rushworth,Mayer,711,jrushworthe6@wikipedia.org,897-845-9788,794
512,Zacherie,Uttermare,Kennedy,9762,zuttermaree7@chicagotribune.com,562-328-7253,211
513,Edythe,Ilyushkin,Warner,451,eilyushkine8@mapquest.com,131-504-5145,696
514,Saunder,McCullogh,Eastlawn,3,smcculloghe9@cbsnews.com,681-601-5196,503
515,Florenza,Schouthede,Dixon,6466,fschouthedeea@amazon.co.jp,307-524-6762,406
516,Delmer,Bagnell,Homewood,3,dbagnelleb@comcast.net,350-712-8907,493
517,Darnell,Lambarton,Service,46523,dlambartonec@yolasite.com,628-346-9762,587
518,Bobbi,Kelner,Elgar,4106,bkelnered@nsw.gov.au,610-680-9055,15
519,Avictor,Chaney,Dovetail,75419,achaneyee@a8.net,214-198-7051,743
520,Sampson,Hayland,Norway Maple,1999,shaylandef@va.gov,819-285-6712,518
521,Milka,Pally,Parkside,50379,mpallyeg@printfriendly.com,808-414-3079,69
522,Mariana,Sweating,Hallows,7,msweatingeh@ucoz.ru,580-708-7037,833
523,Gratia,Lunk,Towne,3232,glunkei@hostgator.com,256-580-6521,374
524,Ruthe,Brawson,Express,3,rbrawsonej@ocn.ne.jp,250-151-1605,359
525,Whitney,Hold,Hansons,05886,wholdek@loc.gov,570-386-2070,477
526,Giulietta,Litton,Dahle,106,glittonel@jalbum.net,911-691-7931,619
527,Callean,Drever,Emmet,614,cdreverem@umn.edu,618-149-9918,411
528,Prentice,Koppke,Kings,177,pkoppkeen@baidu.com,427-511-5211,647
529,Kylila,Bulfoy,Rutledge,48096,kbulfoyeo@studiopress.com,335-363-1361,687
530,Sarge,Weerdenburg,Bellgrove,18121,sweerdenburgep@nih.gov,166-189-0559,419
531,Meggi,Haskew,Mifflin,60,mhaskeweq@oaic.gov.au,280-901-4948,866
532,Celine,Frigout,Basil,37,cfrigouter@sfgate.com,862-623-6458,124
533,Alysia,Gooderham,Prairieview,6432,agooderhames@w3.org,925-795-7834,551
534,Aprilette,Hoffmann,Cardinal,75455,ahoffmannet@google.cn,767-574-9527,761
535,Ondrea,Beautyman,Oak Valley,8367,obeautymaneu@si.edu,833-853-8921,367
536,Nils,McLese,Lakewood,7630,nmcleseev@mtv.com,167-267-1731,288
537,Dag,Crole,Everett,3,dcroleew@vkontakte.ru,327-643-8780,138
538,Asia,Myring,Brentwood,8306,amyringex@ucsd.edu,504-685-3656,992
539,Demetris,Mephan,Coolidge,1,dmephaney@zdnet.com,555-811-4124,592
540,Jimmy,Cathrae,Muir,644,jcathraeez@buzzfeed.com,523-817-1594,886
541,Aksel,Bilam,Hagan,94,abilamf0@toplist.cz,753-995-1847,474
542,Meggie,Ricardou,Fuller,6,mricardouf1@whitehouse.gov,443-936-2186,814
543,Aggie,Voysey,Arkansas,536,avoyseyf2@pbs.org,542-154-2027,733
544,Georgiana,Gosnell,Maple,784,ggosnellf3@sciencedirect.com,420-897-1421,484
545,Lemmie,Gallafant,Caliangt,5,lgallafantf4@who.int,837-726-5920,321
546,Alanna,Gronow,Charing Cross,3,agronowf5@livejournal.com,922-684-2478,261
547,Alphonso,Jeans,Harbort,6213,ajeansf6@yahoo.com,577-855-9846,975
548,Hortense,Teager,Rieder,134,hteagerf7@ucoz.com,671-471-9884,92
549,Kip,Bernardeau,Melvin,05,kbernardeauf8@oracle.com,513-826-6129,776
550,Averyl,Kidney,Washington,8,akidneyf9@bravesites.com,534-784-1685,227
551,Eberhard,Kollaschek,Hansons,05,ekollaschekfa@domainmarket.com,964-219-7790,595
552,Alikee,Snalham,Warrior,74,asnalhamfb@godaddy.com,149-744-7178,309
553,Meagan,Leathes,Darwin,6292,mleathesfc@elpais.com,754-715-2442,844
554,Carmen,Erat,1st,582,ceratfd@typepad.com,628-632-7524,657
555,Bogart,Zambonini,Pawling,35,bzamboninife@zimbio.com,981-608-9955,1
556,Maritsa,Zumbusch,Johnson,5,mzumbuschff@goodreads.com,187-871-6113,894
557,Nikola,Berthe,Kenwood,09074,nberthefg@odnoklassniki.ru,501-694-2819,661
558,Dulcinea,Tytcomb,Oakridge,788,dtytcombfh@bbb.org,802-800-9435,14
559,Hestia,Ingon,Karstens,087,hingonfi@discuz.net,603-978-7503,243
560,Candide,Vasyukhnov,Walton,4850,cvasyukhnovfj@eepurl.com,752-907-0350,616
561,Emilia,Catling,4th,775,ecatlingfk@weather.com,701-835-4134,87
562,Robinet,Di Domenico,Chinook,59207,rdidomenicofl@infoseek.co.jp,349-935-0946,179
563,Patten,Rosenshine,Mallory,25462,prosenshinefm@dagondesign.com,265-172-9652,443
564,Winfred,Pakes,Buell,362,wpakesfn@ibm.com,877-344-1184,434
565,Hatti,Tanner,Sunbrook,8,htannerfo@quantcast.com,311-616-6625,950
566,Lelah,Hoffman,School,2,lhoffmanfp@rediff.com,343-691-0952,936
567,Hilliard,Pauli,Doe Crossing,9704,hpaulifq@blogs.com,334-844-1911,876
568,Leroi,Castro,Judy,18095,lcastrofr@gnu.org,231-949-6935,375
569,Merry,Rousell,Bowman,431,mrousellfs@weather.com,915-593-8243,202
570,Starr,Schultheiss,Texas,759,sschultheissft@intel.com,940-907-3094,472
571,Nev,Kempster,Ludington,933,nkempsterfu@engadget.com,548-415-5674,728
572,Kandy,Statefield,Lillian,91572,kstatefieldfv@spotify.com,442-511-8248,505
573,Phaedra,Lumb,Johnson,9,plumbfw@i2i.jp,931-264-1427,567
574,Goddard,Trumpeter,Warrior,72092,gtrumpeterfx@disqus.com,395-923-6407,698
575,Michaelina,Jobin,Express,6,mjobinfy@bigcartel.com,388-691-8277,339
576,Lisetta,MacKeig,Cody,52559,lmackeigfz@ftc.gov,660-129-4422,127
577,Rinaldo,Fever,Delaware,444,rfeverg0@skype.com,452-338-7026,770
578,Fabiano,Frankcombe,Crownhardt,21,ffrankcombeg1@walmart.com,476-646-7489,570
579,Richy,Daborn,Kedzie,5629,rdaborng2@gravatar.com,105-951-8846,966
580,Gerta,Pavolillo,Weeping Birch,867,gpavolillog3@buzzfeed.com,708-513-7331,663
581,Boote,Petyankin,Wayridge,954,bpetyanking4@51.la,704-123-5336,641
582,Chick,Grimley,Anderson,610,cgrimleyg5@canalblog.com,760-609-4763,18
583,Adelheid,Sterman,Harbort,02,astermang6@intel.com,574-156-4733,963
584,Pippa,Bridson,Mayer,5,pbridsong7@topsy.com,290-219-2790,139
585,Herve,O'Keevan,Eliot,1070,hokeevang8@cisco.com,748-671-7126,10
586,Edsel,Speer,Village Green,193,espeerg9@opensource.org,928-913-2251,685
587,Mitchell,Gerring,Golden Leaf,36,mgerringga@newsvine.com,307-495-5271,759
588,Jewell,Penley,Montana,90040,jpenleygb@joomla.org,288-266-9327,695
589,Louise,Werner,Waxwing,44355,lwernergc@technorati.com,207-696-3021,745
590,Augy,Turneux,Kensington,10,aturneuxgd@ox.ac.uk,536-939-5284,973
591,Reade,Abells,Banding,6379,rabellsge@telegraph.co.uk,268-953-2419,945
592,Darya,Toffolini,Lotheville,87673,dtoffolinigf@xing.com,604-858-5198,62
593,Cecilio,Abrahamowitcz,Gateway,6,cabrahamowitczgg@nytimes.com,187-510-2063,574
594,Pedro,Attew,Lighthouse Bay,3,pattewgh@blogspot.com,553-307-7551,987
595,Alastair,Meade,Lakeland,64,ameadegi@sohu.com,624-980-0471,241
596,Jilleen,Dicey,Oneill,07,jdiceygj@vistaprint.com,433-151-8252,631
597,Jehu,Dandie,Oxford,53534,jdandiegk@privacy.gov.au,943-352-3147,105
598,Burty,Turnbull,Charing Cross,88,bturnbullgl@microsoft.com,377-551-5938,382
599,Dickie,Toye,Roxbury,533,dtoyegm@mtv.com,684-203-7560,904
600,Averyl,Puttan,Hansons,0463,aputtangn@discuz.net,443-665-0217,793
601,Lucky,Atlee,Anzinger,9,latleego@xing.com,577-912-7906,850
602,Cordie,Bondesen,Hovde,5131,cbondesengp@is.gd,703-897-2872,395
603,Ashton,Haldane,Vidon,20,ahaldanegq@unc.edu,642-251-0376,517
604,Henry,Fancutt,Welch,05,hfancuttgr@sina.com.cn,676-725-0092,52
605,Lacie,Ingre,Everett,293,lingregs@wikimedia.org,295-428-6954,829
606,Susie,Dagworthy,Bluejay,9952,sdagworthygt@oracle.com,996-973-0461,712
607,Llywellyn,Handke,Butternut,1525,lhandkegu@bandcamp.com,551-822-0390,392
608,Addie,Brigshaw,Pawling,2,abrigshawgv@home.pl,405-509-3210,314
609,Basilio,Drieu,Morningstar,346,bdrieugw@tripadvisor.com,763-445-7130,561
610,Lezley,Pomfrett,Garrison,50227,lpomfrettgx@icio.us,559-930-1397,711
611,Frannie,Hicks,South,77540,fhicksgy@nifty.com,846-362-1914,995
612,Leigh,Luckey,Manley,693,lluckeygz@sphinn.com,189-840-6823,449
613,Lotti,Floodgate,Bunting,89233,lfloodgateh0@parallels.com,593-974-4621,625
614,Trula,Jahn,Gina,63086,tjahnh1@facebook.com,497-204-9126,588
615,Bevon,Oddboy,Shasta,335,boddboyh2@senate.gov,535-430-5597,635
616,Appolonia,Seydlitz,Green Ridge,45245,aseydlitzh3@prnewswire.com,977-895-4081,404
617,Salmon,Roderigo,Mifflin,19,sroderigoh4@themeforest.net,371-374-9890,525
618,Franklyn,Edgington,Boyd,17835,fedgingtonh5@google.ru,128-683-6458,310
619,Brnaby,Banaszewski,Meadow Ridge,59,bbanaszewskih6@clickbank.net,366-518-8788,540
620,Petey,Tolland,Bunting,66003,ptollandh7@gmpg.org,387-568-4665,245
621,Diann,Odd,Sheridan,3,doddh8@marriott.com,617-600-6092,408
622,Georgeta,Glazzard,Laurel,46,gglazzardh9@dedecms.com,592-636-5325,718
623,Chen,Huddleston,Anniversary,44636,chuddlestonha@comcast.net,241-445-7176,719
624,Eveleen,Manueau,Blue Bill Park,4,emanueauhb@ning.com,639-180-4146,910
625,Hermie,Gladbach,Spaight,656,hgladbachhc@narod.ru,303-983-1815,54
626,Demetrius,Comber,Vernon,859,dcomberhd@loc.gov,341-687-8191,602
627,Yolane,Wason,Bunker Hill,806,ywasonhe@nhs.uk,496-857-4409,959
628,Hyatt,Folling,Grim,18,hfollinghf@hhs.gov,310-207-8496,338
629,Creigh,Jobbins,Mandrake,30743,cjobbinshg@nytimes.com,501-109-1688,655
630,Seana,Finker,Clove,649,sfinkerhh@parallels.com,401-606-5321,609
631,Collie,de Courcey,Center,94,cdecourceyhi@wp.com,967-775-6557,290
632,Ambrosi,Byne,Dennis,42116,abynehj@angelfire.com,777-658-6956,605
633,Jakie,Signore,Eagan,4,jsignorehk@github.io,842-852-4527,720
634,Emyle,Boase,Rowland,1246,eboasehl@bandcamp.com,245-518-7090,931
635,Clevie,Criag,Burrows,88596,ccriaghm@1688.com,918-994-4381,642
636,Elias,Yearnes,Forest Run,2,eyearneshn@theguardian.com,762-739-8899,275
637,Abelard,Neggrini,Delaware,3179,aneggriniho@bandcamp.com,374-336-4350,722
638,Christoper,Danby,Stoughton,8617,cdanbyhp@usda.gov,991-675-9373,455
639,Ninnetta,Thornewill,Burrows,834,nthornewillhq@dailymotion.com,383-848-1105,977
640,Barty,Sparhawk,Westridge,22042,bsparhawkhr@prnewswire.com,829-432-9000,820
641,Nehemiah,Pleager,Almo,364,npleagerhs@vk.com,451-585-8901,790
642,Kimberly,Jerisch,Continental,567,kjerischht@shop-pro.jp,976-710-8061,680
643,Berk,Du Fray,Blue Bill Park,932,bdufrayhu@php.net,226-505-0434,952
644,Mickie,Gossage,Gale,3651,mgossagehv@acquirethisname.com,448-427-4926,355
645,Bekki,Gethins,Packers,2281,bgethinshw@walmart.com,217-758-7960,41
646,Camey,Southwell,Melody,28430,csouthwellhx@wikia.com,665-558-4918,964
647,Cherie,Dunsmore,Northview,14,cdunsmorehy@amazon.co.uk,684-242-5872,122
648,Desiree,Petrelli,Montana,576,dpetrellihz@dion.ne.jp,271-457-4585,185
649,Heidie,Frid,3rd,5,hfridi0@is.gd,133-208-1871,816
650,Kyla,Rentoul,Hoard,03079,krentouli1@youtube.com,252-902-8653,774
651,Yves,Peever,Warner,2,ypeeveri2@chronoengine.com,307-475-1382,810
652,Rowland,Berfoot,Eggendart,08,rberfooti3@arstechnica.com,631-136-2582,84
653,Ichabod,Bouts,Blackbird,7237,iboutsi4@devhub.com,512-394-4517,991
654,Augusto,Kliement,Toban,08,akliementi5@noaa.gov,770-889-7975,396
655,Jackqueline,Perkis,Killdeer,47372,jperkisi6@hatena.ne.jp,240-448-3849,413
656,Karry,Blastock,Milwaukee,7,kblastocki7@oaic.gov.au,844-894-8102,871
657,Arabele,Ibberson,Havey,721,aibbersoni8@house.gov,940-862-7694,390
658,Lisha,Haywood,Westend,92,lhaywoodi9@taobao.com,696-323-2024,979
659,Janaya,Field,Manitowish,098,jfieldia@who.int,186-409-0542,974
660,Ollie,Lyptratt,Redwing,5217,olyptrattib@independent.co.uk,498-939-2760,715
661,Lon,Phillpotts,Northfield,1311,lphillpottsic@diigo.com,301-928-0204,16
662,Maddie,Aldis,Vahlen,914,maldisid@chicagotribune.com,274-752-8720,788
663,Jesse,Saura,Shasta,166,jsauraie@icq.com,437-929-4491,165
664,Marya,Leijs,Hudson,48,mleijsif@ed.gov,612-554-4167,707
665,Pascale,Eustanch,Tennessee,3,peustanchig@quantcast.com,543-371-5719,917
666,Tressa,Aberdein,1st,545,taberdeinih@howstuffworks.com,959-533-4238,29
667,Silvana,Eckhard,Orin,70668,seckhardii@si.edu,207-625-8684,946
668,Rolfe,Goodhew,Oneill,8,rgoodhewij@a8.net,311-543-5660,205
669,Ferris,Coutthart,Sage,7842,fcoutthartik@trellian.com,214-535-0633,123
670,Cymbre,Orrill,Meadow Vale,11,corrillil@topsy.com,414-943-7784,456
671,Talbert,Carslaw,Dorton,227,tcarslawim@shinystat.com,705-344-3137,699
672,Eolanda,Fitzpayn,Packers,587,efitzpaynin@arizona.edu,510-895-5350,220
673,Lynett,Edmott,Welch,74149,ledmottio@hatena.ne.jp,277-550-9146,571
674,Chen,Batkin,4th,7,cbatkinip@ucsd.edu,638-787-0572,34
675,Winnie,Jewar,Anhalt,86,wjewariq@eepurl.com,567-738-1578,273
676,Isa,Deverock,Doe Crossing,3644,ideverockir@thetimes.co.uk,950-356-7758,464
677,Joyann,Joblin,Miller,423,jjoblinis@godaddy.com,689-547-3493,475
678,Urbanus,Skerratt,Loomis,195,uskerrattit@flavors.me,151-389-7182,821
679,Averil,O'Neill,Village Green,1617,aoneilliu@engadget.com,908-354-6355,766
680,Karlee,Grimwade,Lerdahl,5799,kgrimwadeiv@ifeng.com,366-396-6830,301
681,Hunfredo,Blogg,Moose,943,hbloggiw@tripod.com,581-478-4018,95
682,Germain,Fearnsides,Armistice,81399,gfearnsidesix@virginia.edu,510-143-7462,457
683,Massimiliano,Iacobetto,Veith,971,miacobettoiy@bbb.org,510-533-3755,40
684,Carlie,Fylan,Talisman,655,cfylaniz@umich.edu,637-269-4330,146
685,Devondra,Saintsbury,Donald,58006,dsaintsburyj0@ifeng.com,963-592-3591,929
686,Corabelle,Rothery,Armistice,285,crotheryj1@thetimes.co.uk,509-544-9746,318
687,Matthias,Portsmouth,Mandrake,5,mportsmouthj2@yellowbook.com,883-955-6637,999
688,Van,Arnaudi,Bartillon,527,varnaudij3@ucoz.com,382-647-7524,360
689,Biddy,Rosberg,Badeau,8211,brosbergj4@jimdo.com,641-293-6921,757
690,Jorge,Hugin,Carey,8156,jhuginj5@addtoany.com,460-416-1254,513
691,Cyndy,Crudgington,Center,009,ccrudgingtonj6@t.co,477-179-2502,415
692,Agustin,Mudie,Bellgrove,744,amudiej7@accuweather.com,413-186-4460,461
693,Keenan,Clubley,Warner,167,kclubleyj8@amazon.de,433-736-3224,238
694,Dodi,Jillins,Eliot,4,djillinsj9@prweb.com,790-829-0429,787
695,Burnard,Rolse,Artisan,438,brolseja@ustream.tv,606-964-1448,479
696,Irvine,Neumann,Larry,04619,ineumannjb@pbs.org,621-975-4741,167
697,Shaylyn,Hindenburg,Arrowood,6947,shindenburgjc@nymag.com,575-915-0233,25
698,Alfie,Brea,Barby,1344,abreajd@eventbrite.com,263-532-7283,431
699,Ritchie,Sinncock,Barby,151,rsinncockje@twitpic.com,161-529-6091,747
700,Devi,Scroggie,Marcy,239,dscroggiejf@chronoengine.com,546-665-2283,834
701,George,Duinbleton,Green Ridge,5,gduinbletonjg@jimdo.com,913-844-3478,621
702,Tana,Keat,Sycamore,5812,tkeatjh@go.com,940-355-3070,880
703,Broddie,Sellek,Oak,14152,bsellekji@google.cn,233-401-3160,187
704,Marcelo,Salman,Bluestem,48,msalmanjj@phoca.cz,910-428-0195,957
705,Gayel,Dyball,Northridge,6069,gdyballjk@columbia.edu,630-720-1147,679
706,Earlie,Branscombe,Cherokee,013,ebranscombejl@ycombinator.com,576-754-4076,126
707,Abey,Hatcliffe,Fisk,61809,ahatcliffejm@arizona.edu,367-528-2249,282
708,Hilly,Yarrow,Fremont,732,hyarrowjn@a8.net,170-816-0209,969
709,Drusi,Markus,Mitchell,8572,dmarkusjo@myspace.com,694-372-3653,446
710,Andrew,Sleany,Eagle Crest,9,asleanyjp@example.com,916-491-1907,305
711,Jorie,Srutton,Talisman,5,jsruttonjq@fc2.com,477-487-0992,836
712,Jourdan,Couldwell,Old Gate,84,jcouldwelljr@bbc.co.uk,907-721-0602,398
713,Gian,Brace,Talmadge,974,gbracejs@apple.com,678-978-3129,306
714,Vally,Lyndon,Bellgrove,2912,vlyndonjt@dailymail.co.uk,441-361-2100,573
715,Vonny,Josilevich,Warner,88,vjosilevichju@friendfeed.com,936-447-8801,369
716,Edmon,Suffe,Pearson,7700,esuffejv@linkedin.com,894-569-2515,422
717,Liam,Garrit,Harper,4836,lgarritjw@tamu.edu,315-941-4291,694
718,Stephen,Aliman,Mariners Cove,3,salimanjx@upenn.edu,954-226-8248,863
719,Gladys,Fawson,Esch,075,gfawsonjy@europa.eu,822-586-4985,59
720,Humfrid,Pearde,South,1,hpeardejz@sitemeter.com,455-299-4146,914
721,Reuven,Todhunter,Washington,17649,rtodhunterk0@huffingtonpost.com,480-625-7529,645
722,Paige,Oret,Johnson,5,poretk1@hhs.gov,809-625-4210,409
723,Katherine,Ruberti,Messerschmidt,79097,krubertik2@harvard.edu,263-786-7259,983
724,Alli,Gaze,3rd,211,agazek3@blogger.com,103-185-9088,501
725,Shaylyn,Miles,Forest Run,61672,smilesk4@bing.com,209-525-2413,962
726,Freeland,Thornewell,Beilfuss,453,fthornewellk5@state.gov,756-901-8638,893
727,Daron,Boliver,Gulseth,4,dboliverk6@hubpages.com,233-422-9563,35
728,Olive,Sendall,Victoria,8,osendallk7@imgur.com,468-802-8298,801
729,Ermanno,Barten,Elmside,6374,ebartenk8@fotki.com,283-653-7681,237
730,Magdalene,Valsler,Arapahoe,1715,mvalslerk9@adobe.com,140-166-9580,500
731,Gib,Birtwistle,Hallows,3084,gbirtwistleka@myspace.com,470-930-6380,512
732,Rosina,Prawle,Rutledge,13728,rprawlekb@telegraph.co.uk,161-114-8064,626
733,Bondon,Polo,Crownhardt,257,bpolokc@smh.com.au,790-495-4026,638
734,Ailis,Jude,Red Cloud,818,ajudekd@yellowbook.com,842-590-0127,8
735,Millard,Titmus,Haas,98355,mtitmuske@ftc.gov,824-981-7023,358
736,Carrol,Sollime,Anhalt,53377,csollimekf@chron.com,102-953-3541,143
737,Rik,Brantl,Delladonna,64,rbrantlkg@usgs.gov,223-867-1236,522
738,Jakob,Simeone,Corben,05,jsimeonekh@gizmodo.com,959-993-9329,473
739,Clim,McLeese,Badeau,58,cmcleeseki@umn.edu,383-890-2536,560
740,Irwin,Sinclar,Cardinal,2,isinclarkj@drupal.org,500-717-8782,380
741,Darcie,Thomke,Green,1810,dthomkekk@tmall.com,592-689-2341,125
742,Hillary,Cuming,Pepper Wood,850,hcumingkl@omniture.com,937-852-3392,45
743,Juan,Banks,Superior,1042,jbankskm@geocities.com,107-697-7046,897
744,Niall,Prover,Troy,8827,nproverkn@latimes.com,660-849-1038,17
745,Ebony,Heaseman,Butternut,65,eheasemanko@angelfire.com,751-596-9382,233
746,Tibold,McWaters,Sundown,1186,tmcwaterskp@mail.ru,314-665-6819,923
747,Carver,Wafer,Marquette,0,cwaferkq@bing.com,766-272-2787,753
748,Dotty,Antonchik,Monica,1061,dantonchikkr@wsj.com,334-666-5553,420
749,Kimball,De Ruel,Basil,9857,kderuelks@weather.com,412-984-9489,77
750,Garold,Klasen,Prairieview,8,gklasenkt@sourceforge.net,572-225-4892,939
751,Celia,Stockport,Carberry,95,cstockportku@adobe.com,557-663-8389,510
752,Barnabe,Grosier,Cambridge,71,bgrosierkv@webnode.com,749-442-7806,852
753,Sherrie,Geerits,Corben,40,sgeeritskw@theguardian.com,583-359-0250,120
754,Nita,Goodsall,Karstens,06357,ngoodsallkx@aboutads.info,133-728-3589,752
755,Staford,Cornock,Moulton,8924,scornockky@weibo.com,249-890-6621,259
756,Fayina,Kos,Dapin,17,fkoskz@upenn.edu,394-400-7005,225
757,Dottie,Hanscomb,Hallows,5087,dhanscombl0@cornell.edu,723-158-7045,529
758,El,Eymer,Burrows,51622,eeymerl1@dell.com,205-119-5909,363
759,Mirella,Malletratt,Moose,791,mmalletrattl2@oracle.com,351-628-9705,153
760,Ermanno,Skill,Menomonie,43421,eskilll3@mapy.cz,767-640-9189,799
761,Warden,Beacroft,Summer Ridge,1142,wbeacroftl4@theglobeandmail.com,303-253-0831,494
762,Marquita,Lamberts,Graedel,2,mlambertsl5@topsy.com,258-421-5566,611
763,Karee,Ingledow,Montana,787,kingledowl6@ucla.edu,686-269-7379,135
764,Kingsly,Steanyng,Northfield,09,ksteanyngl7@opera.com,674-174-8706,536
765,Delila,Denyakin,Norway Maple,74,ddenyakinl8@cafepress.com,459-974-8469,675
766,Noami,Dightham,Meadow Vale,92,ndighthaml9@sfgate.com,104-292-9207,362
767,Louie,McCrisken,Sauthoff,6334,lmccriskenla@desdev.cn,208-810-3283,822
768,Ailee,Isselee,Pepper Wood,6,aisseleelb@wix.com,548-992-3494,508
769,Alford,McEwan,Shoshone,46980,amcewanlc@dell.com,652-976-3875,262
770,Janot,Monument,Veith,4,jmonumentld@youtu.be,906-986-7139,55
771,Lishe,O'Hone,Blackbird,99099,lohonele@w3.org,448-942-9305,333
772,Giordano,Blondell,Oxford,5876,gblondelllf@bandcamp.com,597-751-9279,502
773,Nikki,Heis,Redwing,119,nheislg@jimdo.com,315-191-6371,941
774,Othello,Hitzke,Packers,439,ohitzkelh@pinterest.com,668-252-0664,381
775,Roxine,Cluett,Lake View,18,rcluettli@booking.com,834-854-6937,375
776,Loretta,Spering,Ronald Regan,65025,lsperinglj@wikimedia.org,340-512-1280,852
777,Riannon,Jefferies,International,134,rjefferieslk@is.gd,321-355-6540,272
778,Keslie,Leney,Kingsford,56755,kleneyll@dot.gov,748-603-5848,251
779,Templeton,Pollastro,Sloan,9374,tpollastrolm@sohu.com,676-780-5759,323
780,Kerrin,Brumwell,Green Ridge,8,kbrumwellln@wsj.com,708-156-8532,407
781,Dew,Risebrow,Arapahoe,088,drisebrowlo@harvard.edu,957-152-4436,916
782,Georgeanne,Drury,Lindbergh,7,gdrurylp@oakley.com,690-955-8752,233
783,Enoch,Allsep,Granby,6,eallseplq@zimbio.com,468-992-5083,489
784,Sigismundo,Caesar,Monument,215,scaesarlr@ebay.com,756-517-8270,498
785,Wynny,Wimms,Stang,14456,wwimmsls@gnu.org,460-418-0771,163
786,Brent,Pidgen,Chive,94285,bpidgenlt@ox.ac.uk,558-338-7277,538
787,Halie,Grigoire,Sheridan,228,hgrigoirelu@nih.gov,920-658-9681,500
788,Sunny,Aickin,Porter,3,saickinlv@t-online.de,191-404-1191,514
789,Maxim,Hartop,Annamark,8937,mhartoplw@networksolutions.com,750-146-5638,651
790,Tomlin,Dundridge,South,6,tdundridgelx@merriam-webster.com,584-171-1237,222
791,Katya,Philson,Portage,65,kphilsonly@wunderground.com,281-365-3031,53
792,Thornton,Sheasby,Sugar,51,tsheasbylz@forbes.com,326-922-2897,785
793,Wini,Plaice,Barnett,3581,wplaicem0@telegraph.co.uk,504-747-1168,722
794,Gizela,Sansom,Warrior,7,gsansomm1@cam.ac.uk,923-919-8071,350
795,Anthe,Whitington,Farwell,1,awhitingtonm2@example.com,447-147-6467,114
796,Wren,Checketts,Morrow,5762,wcheckettsm3@nydailynews.com,747-794-6863,156
797,Egor,Eacott,Pennsylvania,6448,eeacottm4@taobao.com,465-581-3852,450
798,Alanson,Nelhams,Colorado,52,anelhamsm5@flickr.com,255-926-3899,164
799,Brnaba,Girardetti,Eliot,5,bgirardettim6@yahoo.co.jp,304-993-3412,870
800,Judy,Briton,Harbort,86800,jbritonm7@t.co,300-655-4330,857
801,Shelba,Gallamore,Crest Line,38631,sgallamorem8@yahoo.com,949-373-8385,112
802,Roana,Grasser,Jenifer,79,rgrasserm9@people.com.cn,775-556-1543,996
803,Sawyer,Stansall,Blaine,2804,sstansallma@elpais.com,513-759-9501,50
804,Jacinthe,Pulford,Thackeray,39,jpulfordmb@com.com,763-200-3713,248
805,Oswell,Dunkerton,Michigan,636,odunkertonmc@digg.com,670-723-7299,405
806,Munmro,Sparrowhawk,Prairieview,63510,msparrowhawkmd@eventbrite.com,883-926-0967,264
807,Amabel,Kliner,Forster,627,aklinerme@tinyurl.com,326-932-8916,467
808,Louis,Egdale,Grover,3299,legdalemf@opera.com,991-736-5622,443
809,Heinrik,Harden,Oriole,6760,hhardenmg@un.org,511-950-4989,580
810,Olympe,Halbard,Corscot,5,ohalbardmh@jugem.jp,341-741-1825,676
811,Chelsae,Gaylard,Lakeland,6,cgaylardmi@1und1.de,417-198-0819,742
812,Kakalina,Perree,Welch,3,kperreemj@histats.com,664-647-1209,285
813,Cesar,Copello,Melrose,75,ccopellomk@who.int,873-787-2508,149
814,Karena,Donaho,Johnson,93118,kdonahoml@fastcompany.com,856-192-3689,154
815,Saunders,Rochewell,Dunning,37,srochewellmm@ihg.com,804-747-1739,492
816,Reade,Leynham,Johnson,17,rleynhammn@theglobeandmail.com,746-491-9244,597
817,Olympe,Wrighton,Pleasure,56179,owrightonmo@1und1.de,551-861-2693,543
818,Horace,Marshall,Ronald Regan,69,hmarshallmp@amazon.com,430-802-6078,620
819,Johannah,Soares,Heath,0,jsoaresmq@disqus.com,916-468-8314,170
820,Lyndsie,Tomson,Clemons,1890,ltomsonmr@theatlantic.com,453-456-8558,602
821,Mela,Redmille,Swallow,585,mredmillems@ow.ly,590-734-6567,877
822,Sher,Graalmans,Pennsylvania,7,sgraalmansmt@foxnews.com,514-181-4828,623
823,Stacy,Chestnut,Maple,327,schestnutmu@eventbrite.com,569-226-8868,508
824,Elsbeth,Fealy,Fallview,7,efealymv@usgs.gov,130-260-5888,395
825,Olwen,Clissett,Spenser,055,oclissettmw@omniture.com,765-666-7924,106
826,Vassily,Duplock,Sunfield,295,vduplockmx@amazon.com,501-612-4610,96
827,Annecorinne,Blesli,Bartelt,947,ableslimy@shinystat.com,376-264-5539,289
828,Marlow,Salisbury,Maple,036,msalisburymz@bravesites.com,552-352-5990,541
829,Margette,Antonio,Kinsman,6408,mantonion0@loc.gov,832-434-4729,26
830,Barty,Worsley,Mosinee,0306,bworsleyn1@oaic.gov.au,247-993-3210,683
831,Hartwell,Balnave,Delaware,25,hbalnaven2@japanpost.jp,786-481-3433,362
832,Marni,Giorgietto,Artisan,83841,mgiorgietton3@cam.ac.uk,495-947-7748,314
833,Micky,Winsiowiecki,Jackson,21,mwinsiowieckin4@washington.edu,650-530-7629,352
834,Barby,Aiton,Merry,7239,baitonn5@yellowbook.com,166-344-4626,660
835,Trudi,Setch,Coolidge,250,tsetchn6@histats.com,387-188-1671,414
836,Carroll,Jakeman,Mosinee,61,cjakemann7@timesonline.co.uk,309-136-3085,2
837,Mariam,Hollyland,Merrick,0,mhollylandn8@macromedia.com,915-287-4582,185
838,Clemmy,Jahnig,Gerald,3916,cjahnign9@huffingtonpost.com,341-171-0234,14
839,Ernestus,Dell'Abbate,Arapahoe,3,edellabbatena@furl.net,181-437-2697,796
840,Jessamine,Ind,Village,6,jindnb@newsvine.com,690-559-2976,825
841,Engracia,Saul,Goodland,4287,esaulnc@amazon.co.uk,264-673-7162,839
842,Hussein,Glewe,Blackbird,205,hglewend@goo.gl,701-430-2108,628
843,Karoly,Corbishley,Shelley,8,kcorbishleyne@state.gov,724-774-2043,144
844,Bethany,Miebes,Fair Oaks,66,bmiebesnf@github.com,516-340-9677,519
845,Iggy,Walsh,Cody,2372,iwalshng@csmonitor.com,563-331-7660,131
846,Nikola,Pendry,Melvin,65072,npendrynh@narod.ru,559-527-7485,918
847,Cate,Beteriss,Bultman,48,cbeterissni@wired.com,144-101-3386,280
848,Kaine,Penwell,Vermont,7,kpenwellnj@imgur.com,263-163-5843,593
849,Corissa,MacGhee,Moulton,03,cmacgheenk@mozilla.com,449-783-7101,771
850,Denice,Ruse,Rieder,8,drusenl@boston.com,446-452-6766,687
851,Garrard,Ferie,Arapahoe,6,gferienm@example.com,216-282-3503,341
852,Reagan,Kyneton,Veith,47432,rkynetonnn@domainmarket.com,929-278-6012,130
853,Maxie,Enden,Moland,07666,mendenno@mashable.com,787-129-4195,102
854,Phil,Weber,West,8,pwebernp@scientificamerican.com,939-446-7509,993
855,Corrine,Muller,Eagan,3395,cmullernq@typepad.com,766-421-8445,59
856,Elsy,Begent,Thompson,5259,ebegentnr@toplist.cz,714-896-6171,512
857,Rafaellle,Darkott,Delaware,44,rdarkottns@g.co,547-734-8439,697
858,Penni,Gusney,Hayes,5,pgusneynt@webs.com,950-277-3527,17
859,Meghann,Farnall,Kipling,2,mfarnallnu@cbc.ca,519-446-4533,847
860,Jackson,Firmin,Londonderry,6367,jfirminnv@amazon.co.uk,852-560-4629,876
861,Rolph,Mansour,Luster,277,rmansournw@google.cn,347-808-7598,86
862,Ashia,Denton,Troy,644,adentonnx@twitter.com,469-832-2180,90
863,Courtnay,Keiling,Corscot,91153,ckeilingny@vkontakte.ru,871-357-9288,871
864,Steve,Gianolini,Hanson,17373,sgianolininz@bluehost.com,278-242-8036,216
865,Jereme,Davisson,Nelson,404,jdavissono0@jalbum.net,835-412-0585,930
866,Alex,Greenhow,Heffernan,7,agreenhowo1@prlog.org,872-639-6166,213
867,Perren,Sisnett,Nancy,08073,psisnetto2@yandex.ru,881-483-0958,181
868,Dan,Pritty,Beilfuss,597,dprittyo3@hhs.gov,931-728-7744,612
869,Abby,Betteney,Lyons,2588,abetteneyo4@discuz.net,804-407-1270,822
870,Sheeree,Mc-Kerley,Morningstar,37585,smckerleyo5@networksolutions.com,924-809-6515,479
871,Rosette,Hearle,Miller,62390,rhearleo6@cnet.com,260-677-2770,1000
872,Esdras,Gabbatt,Pawling,012,egabbatto7@nps.gov,695-823-3214,308
873,Ofelia,Maytom,Straubel,02,omaytomo8@com.com,916-594-4559,604
874,Roobbie,Webling,Bobwhite,77,rweblingo9@mozilla.com,732-944-9202,238
875,Joli,Unstead,Tony,3,junsteadoa@example.com,487-899-3242,936
876,Leila,Pritchitt,4th,1291,lpritchittob@e-recht24.de,511-985-4184,420
877,Hamid,Streater,Heath,49556,hstreateroc@accuweather.com,570-852-6063,843
878,Aigneis,Cinavas,Carpenter,35495,acinavasod@sourceforge.net,347-408-0564,649
879,Ellerey,Delcastel,Forster,09,edelcasteloe@craigslist.org,906-728-4319,300
880,Had,Pennetta,Sugar,37,hpennettaof@va.gov,403-178-4162,849
881,Lonna,Cristofari,Eastwood,154,lcristofariog@baidu.com,551-342-3268,760
882,Flory,Western,Thierer,6,fwesternoh@oracle.com,254-694-8786,336
883,Corilla,Greenway,Lunder,06148,cgreenwayoi@imgur.com,813-551-5151,718
884,Melamie,Le Gallo,Cordelia,13952,mlegallooj@rediff.com,477-441-6642,797
885,Stacey,Lanfer,Independence,1507,slanferok@eventbrite.com,991-894-2264,635
886,Chad,Pyott,Corscot,85,cpyottol@so-net.ne.jp,730-595-6143,994
887,Hobey,Kupec,Reindahl,12942,hkupecom@moonfruit.com,304-960-4970,856
888,Olenolin,Durward,Farwell,1264,odurwardon@g.co,461-580-0979,644
889,Kerby,Wincom,Sage,2303,kwincomoo@nbcnews.com,302-105-2546,778
890,Alaster,Alleway,Scofield,8,aallewayop@domainmarket.com,925-733-5577,677
891,Blithe,Pennino,Corben,3539,bpenninooq@accuweather.com,439-757-9721,610
892,Ernestus,Venart,Hovde,214,evenartor@4shared.com,971-268-0344,215
893,Magdalena,Tigwell,Bobwhite,45828,mtigwellos@nsw.gov.au,471-981-5131,893
894,Matthias,Steere,Kinsman,7,msteereot@51.la,130-625-8178,772
895,Cassy,Heustace,Karstens,7,cheustaceou@theglobeandmail.com,310-330-6803,160
896,Cassandry,Renouf,Hovde,9745,crenoufov@symantec.com,822-791-8013,471
897,Tova,Durnford,Elmside,2,tdurnfordow@mtv.com,761-404-9627,104
898,Fabio,Rizzello,Stephen,22711,frizzelloox@telegraph.co.uk,613-135-8331,7
899,Katharina,Ensten,Sheridan,05099,kenstenoy@feedburner.com,730-643-1416,13
900,Lorena,Djokic,Grim,7,ldjokicoz@senate.gov,232-947-5997,552
901,Nanci,Hansod,Schlimgen,62265,nhansodp0@google.co.jp,893-216-8550,767
902,Karel,Norwich,Packers,894,knorwichp1@geocities.jp,103-640-1824,715
903,Teriann,Behning,Reindahl,3,tbehningp2@surveymonkey.com,646-593-0778,262
904,Lorant,Grenfell,Donald,9909,lgrenfellp3@businessweek.com,301-764-6189,968
905,Neely,Kirsop,Armistice,4969,nkirsopp4@shutterfly.com,234-610-2353,630
906,Jamaal,Derdes,Golden Leaf,3472,jderdesp5@macromedia.com,728-631-3468,128
907,Rod,Windmill,Springview,6813,rwindmillp6@forbes.com,891-915-5597,310
908,Cornelle,Blackmoor,Schurz,047,cblackmoorp7@google.cn,808-793-0991,782
909,Cele,Brunini,Emmet,0,cbruninip8@tumblr.com,637-324-6781,205
910,Martguerita,Nel,Elgar,93,mnelp9@people.com.cn,675-961-6110,818
911,Smith,D'Elia,Vidon,455,sdeliapa@nba.com,182-994-7449,428
912,Robby,Foxley,Kropf,74332,rfoxleypb@toplist.cz,999-880-6289,831
913,Linnie,Walter,Birchwood,03,lwalterpc@umn.edu,633-771-3642,596
914,Alta,Klimpke,Ridge Oak,06755,aklimpkepd@arstechnica.com,553-154-5836,208
915,Noelani,Casini,Brickson Park,74,ncasinipe@nbcnews.com,674-303-3288,217
916,Grace,Beckensall,Cambridge,24066,gbeckensallpf@xing.com,458-295-9686,298
917,Dalli,Tollet,Oneill,782,dtolletpg@slate.com,787-564-0079,268
918,Robbie,Copas,Thierer,1,rcopasph@amazon.de,844-512-0722,530
919,Ailis,Teodori,Bay,1,ateodoripi@bloglovin.com,807-360-0841,739
920,Amos,Raft,Macpherson,98,araftpj@indiatimes.com,416-814-1920,753
921,Bridie,Jamison,Alpine,73927,bjamisonpk@google.com,911-637-0859,416
922,Pancho,Woodroof,Gateway,87,pwoodroofpl@vinaora.com,406-667-6405,67
923,Shelba,Trueman,High Crossing,4674,struemanpm@tinyurl.com,156-780-0758,901
924,Tabitha,Tytcomb,Talisman,25,ttytcombpn@techcrunch.com,742-942-5372,158
925,Joelly,Hymus,Muir,00,jhymuspo@utexas.edu,114-674-8663,924
926,Maritsa,Giraudo,Loftsgordon,2,mgiraudopp@si.edu,457-803-2669,752
927,Jeanna,Berkelay,Hooker,0,jberkelaypq@earthlink.net,633-556-0276,600
928,Brady,Pellamont,Northridge,93,bpellamontpr@delicious.com,343-774-5324,522
929,Kristyn,Dudliston,Mayfield,29,kdudlistonps@reference.com,307-308-0965,621
930,Cherlyn,Kean,Thierer,7956,ckeanpt@blogspot.com,950-677-1802,329
931,Lynett,Kyteley,Memorial,68,lkyteleypu@vk.com,924-855-4837,844
932,Pincas,Wanek,Coleman,5,pwanekpv@istockphoto.com,202-230-8568,832
933,Lynnet,Keson,Summerview,553,lkesonpw@purevolume.com,889-215-4799,802
934,Selle,Gleder,Dennis,25,sglederpx@themeforest.net,620-840-0950,167
935,Lilas,Keedy,Bobwhite,182,lkeedypy@time.com,350-874-7873,790
936,Barn,Mosson,Eagan,236,bmossonpz@cocolog-nifty.com,415-188-5554,244
937,Ambrosius,Finder,Holy Cross,3912,afinderq0@cisco.com,502-938-2686,783
938,Idalia,Schade,Judy,4978,ischadeq1@opensource.org,797-662-5035,949
939,Winston,Aspenlon,North,96186,waspenlonq2@quantcast.com,663-144-8532,880
940,Goddart,Mattusevich,Arapahoe,5174,gmattusevichq3@apple.com,302-360-6673,28
941,Moira,Dolden,Ridge Oak,4,mdoldenq4@weebly.com,129-133-9421,403
942,Conroy,Kleinber,Corscot,38076,ckleinberq5@usgs.gov,732-900-5465,455
943,Keriann,Halbeard,Northview,17,khalbeardq6@baidu.com,656-619-7339,113
944,Marje,D'Emanuele,Bunker Hill,96,mdemanueleq7@weebly.com,751-418-3705,349
945,Rorke,Crowley,New Castle,344,rcrowleyq8@constantcontact.com,585-971-1199,129
946,Storm,Dodman,Charing Cross,4,sdodmanq9@tinypic.com,249-876-3848,172
947,Orton,Gerald,Hallows,5191,ogeraldqa@disqus.com,690-692-6768,527
948,Philippa,Baversor,Lukken,938,pbaversorqb@nyu.edu,404-557-2909,436
949,Percival,Kindell,Killdeer,026,pkindellqc@biglobe.ne.jp,817-970-1367,665
950,Hubert,Kid,Lakewood Gardens,6,hkidqd@edublogs.org,803-318-3931,896
951,Ofilia,Plimmer,Bowman,80,oplimmerqe@marketwatch.com,756-654-6427,253
952,Gonzalo,Tregoning,Cottonwood,1,gtregoningqf@xrea.com,330-471-9189,23
953,Penrod,Plewes,Gale,89,pplewesqg@bravesites.com,350-815-0928,392
954,Claiborn,Ivanonko,Claremont,22,civanonkoqh@google.com.br,450-200-4346,191
955,Garland,Carrigan,Trailsway,3,gcarriganqi@so-net.ne.jp,922-693-2773,337
956,Bridget,Flowitt,Kim,52,bflowittqj@baidu.com,785-731-9409,513
957,Karney,Prin,Stone Corner,976,kprinqk@newyorker.com,531-571-7589,967
958,Eleonore,Broadwood,Crescent Oaks,85184,ebroadwoodql@nbcnews.com,873-832-1639,617
959,Ludvig,Micklewright,Talmadge,5315,lmicklewrightqm@virginia.edu,422-473-6340,171
960,Devy,Tiffney,Melby,0,dtiffneyqn@jugem.jp,458-110-3806,699
961,Codi,Windram,Spaight,5569,cwindramqo@boston.com,482-145-6269,340
962,Jared,Hars,Thierer,010,jharsqp@ifeng.com,936-825-0482,230
963,Fran,Espinha,John Wall,53167,fespinhaqq@prnewswire.com,823-591-2041,91
964,Verney,Stonner,Forest Dale,9926,vstonnerqr@dedecms.com,316-999-1280,708
965,D'arcy,Giovannetti,5th,607,dgiovannettiqs@addthis.com,890-828-8704,641
966,Andrei,Proudlove,Mitchell,41,aproudloveqt@opera.com,501-542-5511,883
967,Elberta,Pawlyn,Browning,9,epawlynqu@google.co.jp,645-938-4430,794
968,Dinah,Osorio,Golden Leaf,3,dosorioqv@ask.com,424-165-7943,462
969,Berne,Bowering,Pleasure,80600,bboweringqw@parallels.com,297-943-0696,734
970,Bradley,Grigor,Starling,652,bgrigorqx@issuu.com,528-680-9665,957
971,Sheryl,Critten,Hollow Ridge,89,scrittenqy@indiegogo.com,863-636-6744,632
972,George,Pulsford,Bartillon,65454,gpulsfordqz@usda.gov,952-222-6866,97
973,Olly,Snape,Summit,42,osnaper0@bloomberg.com,109-562-0760,951
974,Kari,Wohler,Stang,8416,kwohlerr1@com.com,256-929-3671,650
975,Dacey,Drew,Cody,3509,ddrewr2@cisco.com,988-689-1502,153
976,Stanwood,Reaman,Browning,63,sreamanr3@goo.gl,455-754-0581,485
977,Daphna,Dowrey,Ramsey,3,ddowreyr4@creativecommons.org,205-553-0747,654
978,Felike,Ewbach,Laurel,29375,fewbachr5@usatoday.com,933-350-2209,637
979,Whitman,Abbott,David,2829,wabbottr6@e-recht24.de,154-316-5846,8
980,Sheela,Lombardo,Park Meadow,94,slombardor7@techcrunch.com,860-973-3888,834
981,Fred,Middiff,Northfield,28540,fmiddiffr8@usa.gov,377-592-6270,118
982,Leanor,Cavolini,Amoth,60,lcavolinir9@spiegel.de,787-802-6714,52
983,Viola,Iacovini,Spaight,25566,viacovinira@forbes.com,584-950-6122,890
984,Cathe,Fawdrie,Debra,3,cfawdrierb@twitpic.com,337-889-5736,495
985,Den,Bigrigg,Cascade,32527,dbigriggrc@eventbrite.com,877-629-1544,294
986,Jerrine,McKall,Arkansas,17,jmckallrd@google.com,478-181-3336,488
987,Violet,Bowne,Gerald,16997,vbownere@linkedin.com,340-625-4224,518
988,Denise,Muirhead,Messerschmidt,5144,dmuirheadrf@vinaora.com,480-236-1442,369
989,Jenni,Marshallsay,Reindahl,1,jmarshallsayrg@europa.eu,289-344-8072,841
990,Curry,Winny,Lien,98,cwinnyrh@dropbox.com,881-604-1757,29
991,Worden,McTerry,Jay,905,wmcterryri@gnu.org,275-807-6806,694
992,Marven,Bolle,Cody,82,mbollerj@soundcloud.com,402-673-1635,873
993,Cassi,Haverty,Dayton,9,chavertyrk@engadget.com,110-864-6841,963
994,Denise,holmes,Nelson,50,dholmesrl@pcworld.com,597-205-0504,737
995,Padraig,Vila,Hansons,566,pvilarm@buzzfeed.com,682-428-1794,195
996,Renaud,Hould,Melody,15,rhouldrn@yellowbook.com,658-336-4267,180
997,Pauli,Loyndon,Merry,95720,ployndonro@blinklist.com,478-715-0054,671
998,Elsa,Reder,Ramsey,268,erederrp@scientificamerican.com,200-452-1117,894
999,Giulietta,Trevains,Tomscot,1989,gtrevainsrq@tuttocitta.it,362-197-8656,61
1000,Lindsey,Roussel,Cardinal,7,lrousselrr@wikia.com,914-357-0585,975
